-- Bean catalog seed synchronized from bean_data_web_scale_0_5_decimal.csv
-- 적용 내용: product 수치 컬럼 0~5 소수점 스케일 반영, tasting_note 정규화 반영, bean.region blend -> Blend 반영
SET NAMES utf8mb4;
START TRANSACTION;

-- DECIMAL 점수 저장을 위해 product 점수 컬럼을 소수점 1자리로 맞춥니다.
ALTER TABLE product
    MODIFY acidity DECIMAL(2,1) NULL,
    MODIFY sweetness DECIMAL(2,1) NULL,
    MODIFY body DECIMAL(2,1) NULL,
    MODIFY balance DECIMAL(2,1) NULL;

INSERT INTO roasters (roaster_id, name_ko, name_en, homepage_url, description, created_at, updated_at) VALUES
                                                                                                           (1, 'Manuals', 'Manuals', 'https://manualscoffee.com', 'Manuals roaster imported from seed csv', '2026-05-04 00:00:00', '2026-05-04 00:00:00'),
                                                                                                           (2, 'MOMOS', 'MOMOS', 'https://momos.co.kr', 'MOMOS roaster imported from seed csv', '2026-05-04 00:00:00', '2026-05-04 00:00:00'),
                                                                                                           (3, 'Connects', 'Connects', 'https://smartstore.naver.com', 'Connects roaster imported from seed csv', '2026-05-04 00:00:00', '2026-05-04 00:00:00')
    AS new_row
ON DUPLICATE KEY UPDATE name_ko=new_row.name_ko, name_en=new_row.name_en, homepage_url=new_row.homepage_url, description=new_row.description, updated_at=new_row.updated_at;

INSERT INTO bean (bean_id, name_ko, name_en, process, origin, region, variety, altitude_min, altitude_max, created_at, updated_at) VALUES
                                                                                                                                       (1, '콜롬비아 포토시 트레스 드래곤즈 콜롬비아 내추럴', 'Colombia Potosi Tres Dragones Colombia Natural', 'Natural', 'Colombia', 'Calcedonia, Valle Del Cauca', 'Colombia', 1400, 1860, '2026-05-04 00:00:00', '2026-05-04 00:00:00'),
                                                                                                                                       (2, '에티오피아 니구세 두완초 내추럴', 'Ethiopia Niguse Duwancho Natural', 'Natural', 'Ethiopia', 'Duwancho, Bura', '74158', 2280, 2370, '2026-05-04 00:00:00', '2026-05-04 00:00:00'),
                                                                                                                                       (3, '콜롬비아 엘 파라이소 리치 피치 더블 무산소 발효', 'Colombia El Paraiso Double Anaerobic Fermentation - Lychee Peach', 'Double Anaerobic Fermentation / Thermal Shock', 'Colombia', 'Piendamo, Cauca', 'Castillo', 1960, 1960, '2026-05-04 00:00:00', '2026-05-04 00:00:00'),
                                                                                                                                       (4, '콜롬비아 라스 플로레스 오팔 게이샤 언에어로빅 워시드', 'Colombia Las Flores Opal Geisha Anaerobic Washed', 'Anaerobic Washed', 'Colombia', 'huila, colombia', 'Geisha', 1750, 1750, '2026-05-04 00:00:00', '2026-05-04 00:00:00'),
                                                                                                                                       (5, '브라질 세하도 NY2 내추럴', 'Brazil Cerrado NY2 Natural', 'Natural', NULL, 'SUL DE MINAS', NULL, 1000, 1000, '2026-05-04 00:00:00', '2026-05-04 00:00:00'),
                                                                                                                                       (6, '에티오피아 예가체프 G2', 'Ethiopia Yirgacheffe G2', 'Washed', NULL, 'YIRGACHEFFE', NULL, 2000, 2000, '2026-05-04 00:00:00', '2026-05-04 00:00:00'),
                                                                                                                                       (7, '콜롬비아 슈가케인 디카페인', 'Colombia Sugarcane Decaffeinated', 'Sugarcane decaffeinated', NULL, NULL, NULL, 1700, 1700, '2026-05-04 00:00:00', '2026-05-04 00:00:00'),
                                                                                                                                       (8, '콜롬비아 후일라 수프리모', 'Colombia Huila Supremo', 'Washed', NULL, 'HUILA', NULL, 2500, 2500, '2026-05-04 00:00:00', '2026-05-04 00:00:00'),
                                                                                                                                       (9, '인도네시아 만델링 G1 TP', 'Indonesia Mandheling G1 TP', 'Wet hulled', NULL, 'SUMATRA', NULL, 1600, 1600, '2026-05-04 00:00:00', '2026-05-04 00:00:00'),
                                                                                                                                       (10, '콜롬비아 아폰테 디카페인', 'Colombia Aponte DECAF', 'DECAF Washed', 'Colombia', 'Aponte', 'Caturra', 2230, 2230, '2026-05-04 00:00:00', '2026-05-04 00:00:00'),
                                                                                                                                       (11, '엘살바도르 COE 로스 나랑호스 게이샤 H', 'El Salvador COE Los Naranjos Geisha H', 'Honey', 'El Salvador', 'Apaneca, Ahuachapán', 'Geisha', 1650, 1650, '2026-05-04 00:00:00', '2026-05-04 00:00:00'),
                                                                                                                                       (12, '에티오피아 게샤 빌리지 수마 게샤 1931 내추럴 Lot 53', 'Ethiopia Gesha Village Surma Gesha 1931 Natural Lot 53', 'Natural', 'Ethiopia', 'Bench Maji', 'Gesha 1931', 1909, 2063, '2026-05-04 00:00:00', '2026-05-04 00:00:00'),
                                                                                                                                       (13, '콜롬비아 라 구아두아 게이샤 워시드 Lot 파나마', 'Colombia La Guadua Geisha Washed Lot Panamaya', 'Washed', 'Colombia', 'San Pedro de Cartago, Nariño', 'Geisha', 2300, 2300, '2026-05-04 00:00:00', '2026-05-04 00:00:00'),
                                                                                                                                       (14, '콜롬비아 푸네스 카투라 워시드', 'Colombia Funes Caturra Washed', 'Washed', 'Colombia', 'Narino', 'Caturra', 1800, 1800, '2026-05-04 00:00:00', '2026-05-04 00:00:00'),
                                                                                                                                       (15, '과테말라 엘 인헤르토 게이샤 워시드', 'Guatemala El Injerto Geisha Washed', 'Washed', 'Guatemala', 'Huehuetenango', 'Geisha', 1460, 1980, '2026-05-04 00:00:00', '2026-05-04 00:00:00'),
                                                                                                                                       (16, '에티오피아 모모라 내추럴 구지 G1 스페셜티', 'Ethiopia Mormora Natural Guji G1 Specialty', 'Natural', 'Ethiopia', 'Guji Shakiso', 'Heirloom', 2026, 2026, '2026-05-04 00:00:00', '2026-05-04 00:00:00'),
                                                                                                                                       (17, '에티오피아 시다마 벤사 산타와네 니구세 게메다 에얼룸 내추럴', 'Ethiopia Sidama Bensa Shantawane Nigusse Gemeda Heirloom Natural', 'Natural', 'Ethiopia', 'Shantawane, Bensa, Sidama', 'Heirloom', 1920, 2020, '2026-05-04 00:00:00', '2026-05-04 00:00:00'),
                                                                                                                                       (18, '에티오피아 벤치마지 게샤 워시드', 'Ethiopia BenchMaji Gesha Washed', 'Washed', 'Ethiopia', 'Benchmaji', 'Gesha', NULL, NULL, '2026-05-04 00:00:00', '2026-05-04 00:00:00'),
                                                                                                                                       (19, '에티오피아 구지 비살라 셀렉션 #2 에얼룸 워시드', 'Ethiopia Guji Bishala Selection #2 Heirloom Washed', 'Washed', 'Ethiopia', 'Guji, Oromia', 'Heirloom', NULL, NULL, '2026-05-04 00:00:00', '2026-05-04 00:00:00'),
                                                                                                                                       (20, '케냐 니에리 힐 AA TOP 워시드', 'Kenya Nyeri Hill AA TOP Washed', 'Washed', 'Kenya', 'Nyeri County', 'SL28, Ruiru11, Batian', NULL, NULL, '2026-05-04 00:00:00', '2026-05-04 00:00:00'),
                                                                                                                                       (21, '코스타리카 따라주 산 라파엘 RZ SHB EP', 'Costa Rica Tarrazu ''San Rafael R.Z'' SHB', 'Washed', 'Costa Rica', 'Tarrazu', 'Caturra, Catuai', 1200, 2000, '2026-05-04 00:00:00', '2026-05-04 00:00:00'),
                                                                                                                                       (22, '과테말라 엘 소코로 마르세예사 워시드', 'Guatemala El Socorro Marsellesa Washed', 'Fully Washed', 'Guatemala', 'Palencia', 'Marsellesa', 1900, 1900, '2026-05-04 00:00:00', '2026-05-04 00:00:00'),
                                                                                                                                       (23, '콜롬비아 엘 테소로 게이샤 워시드', 'Colombia El Tesoro Geisha Washed', 'Washed', 'Colombia', 'Palestina', 'Geisha', NULL, NULL, '2026-05-04 00:00:00', '2026-05-04 00:00:00'),
                                                                                                                                       (24, '콜롬비아 로꼬 시리즈 로건', 'Colombia LOCO SERIES LOGAN Double Culturing Meceration', 'Double Culturing Maceration', 'Colombia', 'Santa Rosa del Cabal', 'Caturra, Catiope', NULL, NULL, '2026-05-04 00:00:00', '2026-05-04 00:00:00'),
                                                                                                                                       (25, '온두라스 라 팔다 버번 워시드', 'Honduras La Falda Bourbon Washed', 'Fully Washed', 'Honduras', 'Picacho Masaguara', 'Bourbon', NULL, NULL, '2026-05-04 00:00:00', '2026-05-04 00:00:00'),
                                                                                                                                       (26, '콜롬비아 카우카 파라이소 92 디카페인', 'Colombia Cauca Paraiso 92 Decaf E.A', 'Washed Double Anaerobic, E.A Decaffeinated', 'Colombia', 'Huila', 'Red Bourbon', 1650, 2000, '2026-05-04 00:00:00', '2026-05-04 00:00:00'),
                                                                                                                                       (27, '콜롬비아 사르사 게이샤 내추럴', 'Colombia Zarza Geisha Natural', 'Natural', 'Colombia', 'Bruselas, Huila', 'Geisha', 1750, 1850, '2026-05-04 00:00:00', '2026-05-04 00:00:00'),
                                                                                                                                       (28, '과테말라 엘 소코로 옐로우 카투라 워시드', 'Guatemala El Socorro Yellow Caturra Washed', 'Fully Washed', 'Guatemala', 'Palencia', 'Yellow Caturra', 1540, 1860, '2026-05-04 00:00:00', '2026-05-04 00:00:00'),
                                                                                                                                       (29, '코스타리카 라 빠일라 카투스 레드 허니', 'Costa Rica La Paila Catu’s Red Honey', 'Red Honey', 'Costa Rica', 'Tarrazu', 'Catuai, Caturra', NULL, NULL, '2026-05-04 00:00:00', '2026-05-04 00:00:00'),
                                                                                                                                       (30, '에티오피아 나르도스 구지 사키차 G1 내추럴', 'Ethiopia Nardos Guji Sakicha G1 Natural', 'Natural', 'Ethiopia', 'Guji Sakicha', 'Heirloom', NULL, NULL, '2026-05-04 00:00:00', '2026-05-04 00:00:00'),
                                                                                                                                       (31, '콜롬비아 핀카 엘 파라이소 리치', 'Colombia Finca El Paraiso Lychee', 'Aerobic, Anaerobic', 'Colombia', 'Cauca', 'Castillo', 1930, 1930, '2026-05-04 00:00:00', '2026-05-04 00:00:00'),
                                                                                                                                       (32, '과테말라 엘 소코로 레드 버번', 'Guatemala El Socorro Red Bourbon', 'Fully Washed', 'Guatemala', 'Palencia', 'Red Bourbon', 1540, 1860, '2026-05-04 00:00:00', '2026-05-04 00:00:00'),
                                                                                                                                       (33, '과테말라 엘 소코로 산 로렌조', 'Guatemala El Socorro Finca San Lorenzo', 'Natural', 'Guatemala', 'San Jeronimo Baja Verapaz', 'Red Caturra', 1100, 1100, '2026-05-04 00:00:00', '2026-05-04 00:00:00'),
                                                                                                                                       (34, '인도네시아 와하나 만델링 G1', 'Indonesia Wahana Mandeling G1', 'Semi Washed', 'Indonesia', 'Aceh Tengah, Takengon', 'Typica, Catimor', 1400, 1400, '2026-05-04 00:00:00', '2026-05-04 00:00:00'),
                                                                                                                                       (35, '리뉴얼 블렌드 ''휴''', 'Renewal Blend ''Hue''', 'Blend', 'Ethiopia, Colombia Geisha', 'Blend', 'Mixed', NULL, NULL, '2026-05-04 00:00:00', '2026-05-04 00:00:00'),
                                                                                                                                       (36, '블렌드 루트 블랙', 'Blend Root Black', 'Blend', 'Brazil Natural, Colombia, Indonesia Washed', 'Blend', 'Mixed', NULL, NULL, '2026-05-04 00:00:00', '2026-05-04 00:00:00'),
                                                                                                                                       (37, '블렌드 캔디 그린', 'Blend Candy Green', 'Blend', 'Ethiopia Washed, Ethiopia Natural', 'Blend', 'Mixed', NULL, NULL, '2026-05-04 00:00:00', '2026-05-04 00:00:00'),
                                                                                                                                       (38, '블렌드 애플 레드', 'Blend Apple Red', 'Blend', 'Brazil Natural, Ethiopia Natural, Ethiopia Washed', 'Blend', 'Mixed', NULL, NULL, '2026-05-04 00:00:00', '2026-05-04 00:00:00'),
                                                                                                                                       (39, '에스쇼콜라', 'Es Chocolat', 'Blend', 'Costa Rica White Honey, Guatemala Washed, Colombia Washed, Brazil Natural', 'Blend', 'Mixed', NULL, NULL, '2026-05-04 00:00:00', '2026-05-04 00:00:00'),
                                                                                                                                       (40, '프루티봉봉', 'Fruity Bonbon', 'Blend', 'Ethiopia Washed, Ethiopia Natural, Colombia Washed', 'Blend', 'Mixed', NULL, NULL, '2026-05-04 00:00:00', '2026-05-04 00:00:00'),
                                                                                                                                       (41, '부산', 'Busan', 'Blend', 'Brazil Natural, Brazil Pulped Natural, Ethiopia Natural', 'Blend', 'Mixed', NULL, NULL, '2026-05-04 00:00:00', '2026-05-04 00:00:00'),
                                                                                                                                       (42, '므쵸베리', 'Mucho Berry', 'Blend', 'Ethiopia Natural, Colombia Washed', 'Blend', 'Mixed', NULL, NULL, '2026-05-04 00:00:00', '2026-05-04 00:00:00'),
                                                                                                                                       (43, '시즈널 블렌드 가을 온기', 'Seasonal Blend Autumn ON-GI', 'Mixed', 'Kenya, Ethiopia', 'Blend', 'Mixed', NULL, NULL, '2026-05-04 00:00:00', '2026-05-04 00:00:00'),
                                                                                                                                       (44, '시즈널 블렌드 봄 움', 'Seasonal Blend Spring Oom', 'Mixed', 'Ethiopia, Colombia, etc', 'Blend', 'Mixed', NULL, NULL, '2026-05-04 00:00:00', '2026-05-04 00:00:00'),
                                                                                                                                       (45, '시즈널 블렌드 겨울 툰드라의 빛', 'Seasonal Blend Tundra Glow', 'Mixed', 'Ethiopia, Costa Rica', 'Blend', 'Mixed', NULL, NULL, '2026-05-04 00:00:00', '2026-05-04 00:00:00'),
                                                                                                                                       (46, '시즈널 블렌드 여름 와이키키', 'Seasonal Blend Summer WAIKIKI', 'Mixed', 'Ethiopia, Ecuador, Colombia', 'Yirgacheffe Banko Chelchele, CVM La Noria, La Bohemia, La Esmeralda', 'Mixed', NULL, NULL, '2026-05-04 00:00:00', '2026-05-04 00:00:00'),
                                                                                                                                       (47, '프루티 블렌드 시즌블렌드', 'FRUITY BLEND', 'Mixed', 'Blend', 'Blend', 'Mixed', NULL, NULL, '2026-05-04 00:00:00', '2026-05-04 00:00:00'),
                                                                                                                                       (48, '브라이트 블렌드', 'BRIGHT BLEND', 'Mixed', 'Blend', 'Blend', 'Mixed', NULL, NULL, '2026-05-04 00:00:00', '2026-05-04 00:00:00'),
                                                                                                                                       (49, '발렌타인 블렌드 플러스', 'VALENTINE BLEND PLUS', 'Mixed', 'Blend', 'Blend', 'Mixed', NULL, NULL, '2026-05-04 00:00:00', '2026-05-04 00:00:00'),
                                                                                                                                       (50, '브라우니 블렌드', 'BROWNY BLEND', 'Mixed', 'Blend', 'Blend', 'Mixed', NULL, NULL, '2026-05-04 00:00:00', '2026-05-04 00:00:00'),
                                                                                                                                       (51, '디카페인 블렌드 위켄드', 'DECAF BLEND WEEKEND', 'Mixed Decaf', 'Blend', 'Blend', 'Mixed', NULL, NULL, '2026-05-04 00:00:00', '2026-05-04 00:00:00'),
                                                                                                                                       (52, '커넥츠 블렌드', 'CONNECTS BLEND', 'Mixed', 'Blend', 'Blend', 'Mixed', NULL, NULL, '2026-05-04 00:00:00', '2026-05-04 00:00:00'),
                                                                                                                                       (53, '뉴커먼 블렌드', 'NEW COMMON BLEND', 'Mixed', 'Blend', 'Blend', 'Mixed', NULL, NULL, '2026-05-04 00:00:00', '2026-05-04 00:00:00')
    AS new_row
ON DUPLICATE KEY UPDATE name_ko=new_row.name_ko, name_en=new_row.name_en, process=new_row.process, origin=new_row.origin, region=new_row.region, variety=new_row.variety, altitude_min=new_row.altitude_min, altitude_max=new_row.altitude_max, updated_at=new_row.updated_at;

INSERT INTO product (product_id, roaster_id, name_ko, name_en, roasting_level, agtron_min, agtron_max, acidity, sweetness, body, balance, description, product_url, created_at, updated_at) VALUES
                                                                                                                                                                                                (1, 1, '콜롬비아 포토시 트레스 드래곤즈 콜롬비아 내추럴', 'Colombia Potosi Tres Dragones Colombia Natural', NULL, 90, 90, 3.0, 5.0, 0.5, 0.5, '체리, 포도, 와인, 꿀', 'https://manualscoffee.com/product/tresdragon', '2026-05-04 00:00:00', '2026-05-04 00:00:00'),
                                                                                                                                                                                                (2, 1, '리뉴얼 블렌드 ''휴''', 'Renewal Blend ''Hue''', NULL, NULL, NULL, 3.0, 4.5, 0.5, 4.5, '망고, 라벤더, 오렌지주스', 'https://manualscoffee.com/product/hue', '2026-05-04 00:00:00', '2026-05-04 00:00:00'),
                                                                                                                                                                                                (3, 1, '에티오피아 니구세 두완초 내추럴', 'Ethiopia Niguse Duwancho Natural', NULL, 90, 90, 4.0, 4.5, 0.5, 3.0, '딸기잼, 복숭아, 블루베리, 망고', 'https://manualscoffee.com/product/duwancho', '2026-05-04 00:00:00', '2026-05-04 00:00:00'),
                                                                                                                                                                                                (4, 1, '콜롬비아 엘 파라이소 리치 피치 더블 무산소 발효', 'Colombia El Paraiso Double Anaerobic Fermentation - Lychee Peach', NULL, 90, 90, 4.0, 4.5, 0.5, 3.0, '리치, 복숭아, 요거트', 'https://manualscoffee.com/product/lcpc', '2026-05-04 00:00:00', '2026-05-04 00:00:00'),
                                                                                                                                                                                                (5, 1, '콜롬비아 라스 플로레스 오팔 게이샤 언에어로빅 워시드', 'Colombia Las Flores Opal Geisha Anaerobic Washed', NULL, 90, 90, 3.0, 4.5, 0.5, 2.5, '라벤더, 레몬제스트, 자스민', 'https://manualscoffee.com/product/silencio', '2026-05-04 00:00:00', '2026-05-04 00:00:00'),
                                                                                                                                                                                                (6, 1, '블렌드 루트 블랙', 'Blend Root Black', NULL, NULL, NULL, 1.5, 4.0, 3.0, 4.0, '다크초콜릿, 카카오, 캐러멜, 바나나', 'https://manualscoffee.com/product/black', '2026-05-04 00:00:00', '2026-05-04 00:00:00'),
                                                                                                                                                                                                (7, 1, '블렌드 캔디 그린', 'Blend Candy Green', NULL, NULL, NULL, 3.5, 3.5, 1.0, 4.0, '오렌지, 비정제설탕, 자스민', 'https://manualscoffee.com/product/green', '2026-05-04 00:00:00', '2026-05-04 00:00:00'),
                                                                                                                                                                                                (8, 1, '블렌드 애플 레드', 'Blend Apple Red', NULL, NULL, NULL, 1.5, 4.0, 1.5, 4.0, '비정제설탕, 밀크초콜릿, 사과', 'https://manualscoffee.com/product/red', '2026-05-04 00:00:00', '2026-05-04 00:00:00'),
                                                                                                                                                                                                (9, 1, '브라질 세하도 NY2 내추럴', 'Brazil Cerrado NY2 Natural', NULL, 50, 50, 0.5, 4.0, 2.5, 4.0, '다크초콜릿, 아몬드, 캐러멜', 'https://manualscoffee.com/product/bsc', '2026-05-04 00:00:00', '2026-05-04 00:00:00'),
                                                                                                                                                                                                (10, 1, '에티오피아 예가체프 G2', 'Ethiopia Yirgacheffe G2', NULL, 60, 60, 3.5, 1.0, 1.0, 1.5, '오렌지, 고구마, 플로럴', 'https://manualscoffee.com/product/eygc', '2026-05-04 00:00:00', '2026-05-04 00:00:00'),
                                                                                                                                                                                                (11, 1, '콜롬비아 슈가케인 디카페인', 'Colombia Sugarcane Decaffeinated', NULL, 45, 45, 1.0, 2.5, 2.5, 4.0, '피스타치오, 보리, 곡물, 캐러멜', 'https://manualscoffee.com/product/coldecaf', '2026-05-04 00:00:00', '2026-05-04 00:00:00'),
                                                                                                                                                                                                (12, 1, '콜롬비아 후일라 수프리모', 'Colombia Huila Supremo', NULL, 55, 55, 1.5, 1.5, 1.5, 4.0, '오렌지, 꿀, 비정제설탕', 'https://manualscoffee.com/product/csh', '2026-05-04 00:00:00', '2026-05-04 00:00:00'),
                                                                                                                                                                                                (13, 1, '인도네시아 만델링 G1 TP', 'Indonesia Mandheling G1 TP', NULL, 45, 45, 1.0, 4.5, 4.0, 2.5, '모카번, 흙, 다크초콜릿', 'https://manualscoffee.com/product/imgt', '2026-05-04 00:00:00', '2026-05-04 00:00:00'),
                                                                                                                                                                                                (14, 2, '에스쇼콜라', 'Es Chocolat', 'MEDIUMDARK', 57, 59, 1.0, 0.0, 4.0, NULL, '초콜릿, 피칸, 크림', 'https://momos.co.kr/product/%EC%9B%90%EB%91%90-%EC%97%90%EC%8A%A4%EC%87%BC%EC%BD%9C%EB%9D%BC/82/category/56/display/1/', '2026-05-04 00:00:00', '2026-05-04 00:00:00'),
                                                                                                                                                                                                (15, 2, '프루티봉봉', 'Fruity Bonbon', 'MEDIUMLIGHT', 93, 95, 0.0, 0.0, 0.0, NULL, '핵과류, 시트러스, 꿀', 'https://momos.co.kr/product/%EC%9B%90%EB%91%90-%ED%94%84%EB%A3%A8%ED%8B%B0%EB%B4%89%EB%B4%89/83/category/56/display/1/', '2026-05-04 00:00:00', '2026-05-04 00:00:00'),
                                                                                                                                                                                                (16, 2, '부산', 'Busan', 'MEDIUM', 72, 74, 2.5, 0.0, 4.0, NULL, '구운 견과, 캐러멜, 건과일', 'https://momos.co.kr/product/%EC%9B%90%EB%91%90-%EB%B6%80%EC%82%B0/737/category/56/display/1/', '2026-05-04 00:00:00', '2026-05-04 00:00:00'),
                                                                                                                                                                                                (17, 2, '므쵸베리', 'Mucho Berry', 'MEDIUMLIGHT', 90, 92, 3.0, 0.0, 3.0, NULL, '믹스베리, 체리, 메이플시럽', 'https://momos.co.kr/product/%EC%9B%90%EB%91%90-%EB%AF%80%EC%B5%B8%EB%B2%A0%EB%A6%AC/1417/category/56/display/1/', '2026-05-04 00:00:00', '2026-05-04 00:00:00'),
                                                                                                                                                                                                (18, 2, '콜롬비아 아폰테 디카페인', 'Colombia Aponte DECAF', 'MEDIUMDARK', 60, 62, 2.0, 0.0, 3.5, NULL, '초콜릿, 캐러멜, 구운 아몬드, 크림', 'https://momos.co.kr/product/%EC%9B%90%EB%91%90-%EC%BD%9C%EB%A1%AC%EB%B9%84%EC%95%84-%EC%95%84%ED%8F%B0%ED%85%8C-%EB%94%94%EC%B9%B4%ED%8E%98%EC%9D%B8/2381/category/238/display/1/', '2026-05-04 00:00:00', '2026-05-04 00:00:00'),
                                                                                                                                                                                                (19, 2, '엘살바도르 COE 로스 나랑호스 게이샤 H', 'El Salvador COE Los Naranjos Geisha H', 'LIGHT', 96, 98, 1.5, 0.0, 1.5, NULL, '오렌지꽃, 오렌지, 아카시아꿀', 'https://momos.co.kr/product/%EC%9B%90%EB%91%90-%EC%97%98%EC%82%B4%EB%B0%94%EB%8F%84%EB%A5%B4-coe-%EB%A1%9C%EC%8A%A4-%EB%82%98%EB%9E%91%ED%98%B8%EC%8A%A4-%EA%B2%8C%EC%9D%B4%EC%83%A4-h/2742/category/56/display/1/', '2026-05-04 00:00:00', '2026-05-04 00:00:00'),
                                                                                                                                                                                                (20, 2, '에티오피아 게샤 빌리지 수마 게샤 1931 내추럴 Lot 53', 'Ethiopia Gesha Village Surma Gesha 1931 Natural Lot 53', 'LIGHT', 96, 98, 2.5, 0.0, 2.0, NULL, '백도, 귤, 백차, 케인슈가', 'https://momos.co.kr/product/%EC%9B%90%EB%91%90-%EC%97%90%ED%8B%B0%EC%98%A4%ED%94%BC%EC%95%84-%EA%B2%8C%EC%83%A4-%EB%B9%8C%EB%A6%AC%EC%A7%80-%EC%88%98%EB%A7%88-%EA%B2%8C%EC%83%A4-1931-%EB%82%B4%EC%B6%94%EB%9F%B4-lot-53/2704/category/56/display/1/', '2026-05-04 00:00:00', '2026-05-04 00:00:00'),
                                                                                                                                                                                                (21, 2, '콜롬비아 라 구아두아 게이샤 워시드 Lot 파나마', 'Colombia La Guadua Geisha Washed Lot Panamaya', 'MEDIUMLIGHT', 93, 95, 1.5, 0.0, 1.0, NULL, '캐모마일, 핵과류, 배', 'https://momos.co.kr/product/%EC%9B%90%EB%91%90-%EC%BD%9C%EB%A1%AC%EB%B9%84%EC%95%84-%EB%9D%BC-%EA%B5%AC%EC%95%84%EB%91%90%EC%95%84-%EA%B2%8C%EC%9D%B4%EC%83%A4-%EC%9B%8C%EC%8B%9C%EB%93%9C-lot-%ED%8C%8C%EB%82%98%EB%A7%88/2743/category/56/display/1/', '2026-05-04 00:00:00', '2026-05-04 00:00:00'),
                                                                                                                                                                                                (22, 2, '시즈널 블렌드 가을 온기', 'Seasonal Blend Autumn ON-GI', 'MEDIUMLIGHT', 48, 48, 1.5, 0.0, 2.0, NULL, '사과, 감, 오미자, 메이플시럽', 'https://momos.co.kr/product/%EC%9B%90%EB%91%90-%EC%8B%9C%EC%A6%88%EB%84%90%EB%B8%94%EB%A0%8C%EB%93%9C-%EA%B0%80%EC%9D%84-%EC%98%A8%EA%B8%B0/1977/category/56/display/1/', '2026-05-04 00:00:00', '2026-05-04 00:00:00'),
                                                                                                                                                                                                (23, 2, '시즈널 블렌드 봄 움', 'Seasonal Blend Spring Oom', 'MEDIUMLIGHT', 93, 95, 3.0, 0.0, 2.5, NULL, '청귤, 레몬라임, 베르가못, 향신료', 'https://momos.co.kr/product/%EC%9B%90%EB%91%90-%EC%8B%9C%EC%A6%88%EB%84%90-%EB%B8%94%EB%A0%8C%EB%93%9C-%EB%B4%84-%EC%9B%80/2650/category/56/display/1/', '2026-05-04 00:00:00', '2026-05-04 00:00:00'),
                                                                                                                                                                                                (24, 2, '시즈널 블렌드 겨울 툰드라의 빛', 'Seasonal Blend Tundra Glow', 'MEDIUMLIGHT', 48, 48, 1.5, 0.0, 1.5, NULL, '다크체리, 라즈베리, 초콜릿', 'https://momos.co.kr/product/%EC%9B%90%EB%91%90-%EC%8B%9C%EC%A6%88%EB%84%90%EB%B8%94%EB%A0%8C%EB%93%9C-%EA%B2%A8%EC%9A%B8-%ED%88%B0%EB%93%9C%EB%9D%BC%EC%9D%98-%EB%B9%9B/2047/category/56/display/1/', '2026-05-04 00:00:00', '2026-05-04 00:00:00'),
                                                                                                                                                                                                (25, 2, '시즈널 블렌드 여름 와이키키', 'Seasonal Blend Summer WAIKIKI', 'LIGHT', NULL, NULL, 2.0, 0.0, 1.0, NULL, '다즐링, 청포도, 백합, 살구', 'https://momos.co.kr/product/%EC%9B%90%EB%91%90-%EC%8B%9C%EC%A6%88%EB%84%90%EB%B8%94%EB%A0%8C%EB%93%9C-%EC%97%AC%EB%A6%84-%EC%99%80%EC%9D%B4%ED%82%A4%ED%82%A4/2323/category/56/display/1/', '2026-05-04 00:00:00', '2026-05-04 00:00:00'),
                                                                                                                                                                                                (26, 2, '콜롬비아 푸네스 카투라 워시드', 'Colombia Funes Caturra Washed', 'MEDIUMLIGHT', 90, 92, 1.5, 0.0, 1.5, NULL, '무화과, 청사과, 말린 살구, 백차', 'https://momos.co.kr/product/%EC%9B%90%EB%91%90-%EC%BD%9C%EB%A1%AC%EB%B9%84%EC%95%84-%ED%91%B8%EB%84%A4%EC%8A%A4-%EC%B9%B4%ED%88%AC%EB%9D%BC-%EC%9B%8C%EC%8B%9C%EB%93%9C/2737/category/56/display/1/', '2026-05-04 00:00:00', '2026-05-04 00:00:00'),
                                                                                                                                                                                                (27, 2, '과테말라 엘 인헤르토 게이샤 워시드', 'Guatemala El Injerto Geisha Washed', 'MEDIUMLIGHT', 93, 95, 1.5, 0.0, 1.0, NULL, '오렌지꽃, 오렌지, 아카시아꿀', 'https://momos.co.kr/product/%EC%9B%90%EB%91%90-%EA%B3%BC%ED%85%8C%EB%A7%90%EB%9D%BC-%EC%97%98-%EC%9D%B8%ED%97%A4%EB%A5%B4%ED%86%A0-%EA%B2%8C%EC%9D%B4%EC%83%A4-%EC%9B%8C%EC%8B%9C%EB%93%9C/2739/category/56/display/1/', '2026-05-04 00:00:00', '2026-05-04 00:00:00'),
                                                                                                                                                                                                (28, 3, '콜롬비아 엘 파라이소 리치피치', 'Colombia Finca El Paraiso Lychee Peach', 'MEDIUMLIGHT', NULL, NULL, NULL, NULL, NULL, NULL, '복숭아, 리치, 망고스틴', 'https://smartstore.naver.com/connectscoffee/products/11984091798', '2026-05-04 00:00:00', '2026-05-04 00:00:00'),
                                                                                                                                                                                                (29, 3, '에티오피아 모모라 내추럴 구지 G1 스페셜티', 'Ethiopia Mormora Natural Guji G1 Specialty', 'MEDIUMLIGHT', NULL, NULL, NULL, NULL, NULL, NULL, '꿀, 살구, 체리, 딸기, 복숭아, 자스민, 시트러스', 'https://smartstore.naver.com/connectscoffee/products/3661939531', '2026-05-04 00:00:00', '2026-05-04 00:00:00'),
                                                                                                                                                                                                (30, 3, '에티오피아 시다마 벤사 산타와네 니구세 게메다 에얼룸 내추럴', 'Ethiopia Sidama Bensa Shantawane Nigusse Gemeda Heirloom Natural', 'MEDIUMLIGHT', NULL, NULL, NULL, NULL, NULL, NULL, '라즈베리, 자몽, 복숭아, 살구, 모과', 'https://smartstore.naver.com/connectscoffee/products/12668468023', '2026-05-04 00:00:00', '2026-05-04 00:00:00'),
                                                                                                                                                                                                (31, 3, '에티오피아 벤치마지 게샤 워시드', 'Ethiopia BenchMaji Gesha Washed', 'MEDIUMLIGHT', NULL, NULL, NULL, NULL, NULL, NULL, '플로럴, 자스민, 백도, 자두, 살구, 오렌지', 'https://smartstore.naver.com/connectscoffee/products/11228935397', '2026-05-04 00:00:00', '2026-05-04 00:00:00'),
                                                                                                                                                                                                (32, 3, '에티오피아 구지 비살라 셀렉션 #2 에얼룸 워시드', 'Ethiopia Guji Bishala Selection #2 Heirloom Washed', 'MEDIUMLIGHT', NULL, NULL, NULL, NULL, NULL, NULL, '레몬그라스, 오렌지, 백도, 살구, 자두, 라즈베리', 'https://smartstore.naver.com/connectscoffee/products/13136444850', '2026-05-04 00:00:00', '2026-05-04 00:00:00'),
                                                                                                                                                                                                (33, 3, '케냐 니에리 힐 AA TOP 워시드', 'Kenya Nyeri Hill AA TOP Washed', 'MEDIUM', NULL, NULL, NULL, NULL, NULL, NULL, '살구, 오렌지, 자몽, 캐슈넛', 'https://smartstore.naver.com/connectscoffee/products/11534765134', '2026-05-04 00:00:00', '2026-05-04 00:00:00'),
                                                                                                                                                                                                (34, 3, '코스타리카 따라주 산 라파엘 RZ SHB EP', 'Costa Rica Tarrazu ''San Rafael R.Z'' SHB', 'MEDIUMDARK', NULL, NULL, NULL, NULL, NULL, NULL, '오렌지, 피넛, 다크초콜릿', 'https://smartstore.naver.com/connectscoffee/products/4870713701', '2026-05-04 00:00:00', '2026-05-04 00:00:00'),
                                                                                                                                                                                                (35, 3, '과테말라 엘 소코로 마르세예사 워시드', 'Guatemala El Socorro Marsellesa Washed', 'MEDIUMLIGHT', NULL, NULL, NULL, NULL, NULL, NULL, '건포도, 블랙커런트, 구운 견과, 브라운슈가, 월넛, 밀크초콜릿', 'https://smartstore.naver.com/connectscoffee/products/11255482194', '2026-05-04 00:00:00', '2026-05-04 00:00:00'),
                                                                                                                                                                                                (36, 3, '콜롬비아 엘 테소로 게이샤 워시드', 'Colombia El Tesoro Geisha Washed', 'MEDIUMLIGHT', NULL, NULL, NULL, NULL, NULL, NULL, '자스민, 유칼립투스, 얼그레이, 레몬그라스, 녹차', 'https://smartstore.naver.com/connectscoffee/products/8416878791', '2026-05-04 00:00:00', '2026-05-04 00:00:00'),
                                                                                                                                                                                                (37, 3, '콜롬비아 로꼬 시리즈 로건', 'Colombia LOCO SERIES LOGAN Double Culturing Meceration', 'MEDIUMLIGHT', NULL, NULL, NULL, NULL, NULL, NULL, '산딸기, 와인, 플로럴, 체리코크, 파인애플', 'https://smartstore.naver.com/connectscoffee/products/12844405298', '2026-05-04 00:00:00', '2026-05-04 00:00:00'),
                                                                                                                                                                                                (38, 3, '온두라스 라 팔다 버번 워시드', 'Honduras La Falda Bourbon Washed', 'MEDIUMLIGHT', NULL, NULL, NULL, NULL, NULL, NULL, '만다린, 자두, 블랙체리, 브라운슈가', 'https://smartstore.naver.com/connectscoffee/products/12844315210', '2026-05-04 00:00:00', '2026-05-04 00:00:00'),
                                                                                                                                                                                                (39, 3, '콜롬비아 카우카 파라이소 92 디카페인', 'Colombia Cauca Paraiso 92 Decaf E.A', 'MEDIUMLIGHT', NULL, NULL, NULL, NULL, NULL, NULL, '히비스커스, 대추야자, 건푸룬, 건자두, 모과, 시럽', 'http://smartstore.naver.com/connectscoffee/products/11988839131', '2026-05-04 00:00:00', '2026-05-04 00:00:00'),
                                                                                                                                                                                                (40, 3, '콜롬비아 사르사 게이샤 내추럴', 'Colombia Zarza Geisha Natural', 'MEDIUMLIGHT', NULL, NULL, NULL, NULL, NULL, NULL, '딸기 사탕, 장미, 건과일, 홍차, 캐러멜, 초콜릿, 럼, 블랙베리, 와이니', 'https://smartstore.naver.com/connectscoffee/products/11984261889', '2026-05-04 00:00:00', '2026-05-04 00:00:00'),
                                                                                                                                                                                                (41, 3, '과테말라 엘 소코로 옐로우 카투라 워시드', 'Guatemala El Socorro Yellow Caturra Washed', 'MEDIUMLIGHT', NULL, NULL, NULL, NULL, NULL, NULL, '오렌지, 사과, 밀크초콜릿, 캐러멜', 'https://smartstore.naver.com/connectscoffee/products/11984204553', '2026-05-04 00:00:00', '2026-05-04 00:00:00'),
                                                                                                                                                                                                (42, 3, '코스타리카 라 빠일라 카투스 레드 허니', 'Costa Rica La Paila Catu’s Red Honey', 'MEDIUM', NULL, NULL, NULL, NULL, NULL, NULL, '시트러스, 건자두, 블랙베리, 구운 아몬드', 'https://smartstore.naver.com/connectscoffee/products/11589553991', '2026-05-04 00:00:00', '2026-05-04 00:00:00'),
                                                                                                                                                                                                (43, 3, '에티오피아 나르도스 구지 사키차 G1 내추럴', 'Ethiopia Nardos Guji Sakicha G1 Natural', 'MEDIUMLIGHT', NULL, NULL, NULL, NULL, NULL, NULL, '복숭아, 살구, 오렌지, 마카다미아, 캐러멜', 'https://smartstore.naver.com/connectscoffee/products/10701799431', '2026-05-04 00:00:00', '2026-05-04 00:00:00'),
                                                                                                                                                                                                (44, 3, '콜롬비아 핀카 엘 파라이소 리치', 'Colombia Finca El Paraiso Lychee', 'MEDIUMLIGHT', NULL, NULL, NULL, NULL, NULL, NULL, '리치, 열대과일, 복숭아, 배, 사과', 'https://smartstore.naver.com/connectscoffee/products/10144197405', '2026-05-04 00:00:00', '2026-05-04 00:00:00'),
                                                                                                                                                                                                (45, 3, '과테말라 엘 소코로 레드 버번', 'Guatemala El Socorro Red Bourbon', 'MEDIUMLIGHT', NULL, NULL, NULL, NULL, NULL, NULL, '오렌지, 사과, 마카다미아, 밀크초콜릿', 'https://smartstore.naver.com/connectscoffee/products/8652026727', '2026-05-04 00:00:00', '2026-05-04 00:00:00'),
                                                                                                                                                                                                (46, 3, '과테말라 엘 소코로 산 로렌조', 'Guatemala El Socorro Finca San Lorenzo', 'MEDIUMDARK', NULL, NULL, NULL, NULL, NULL, NULL, '구운 아몬드, 엿기름, 브라운슈가, 초콜릿', 'https://smartstore.naver.com/connectscoffee/products/7044672027', '2026-05-04 00:00:00', '2026-05-04 00:00:00'),
                                                                                                                                                                                                (47, 3, '인도네시아 와하나 만델링 G1', 'Indonesia Wahana Mandeling G1', 'MEDIUMDARK', NULL, NULL, NULL, NULL, NULL, NULL, '흑설탕, 다크초콜릿, 캐슈넛, 오렌지, 스모크', 'https://smartstore.naver.com/connectscoffee/products/4862811331', '2026-05-04 00:00:00', '2026-05-04 00:00:00'),
                                                                                                                                                                                                (48, 3, '프루티 블렌드 시즌블렌드', 'FRUITY BLEND', 'MEDIUMLIGHT', 85, 85, 4.0, NULL, 3.5, NULL, '레드베리, 라즈베리, 라벤더, 딸기, 라즈베리 캔디, 건자두, 망고스틴', 'https://smartstore.naver.com/connectscoffee/products/8371519444', '2026-05-04 00:00:00', '2026-05-04 00:00:00'),
                                                                                                                                                                                                (49, 3, '브라이트 블렌드', 'BRIGHT BLEND', 'MEDIUMLIGHT', 83, 84, 4.0, NULL, 2.5, NULL, '열대과일, 자몽, 살구, 복숭아, 홍차, 크랜베리, 리치, 패션후르츠', 'https://smartstore.naver.com/connectscoffee/products/4613369916', '2026-05-04 00:00:00', '2026-05-04 00:00:00'),
                                                                                                                                                                                                (50, 3, '발렌타인 블렌드 플러스', 'VALENTINE BLEND PLUS', 'MEDIUMDARK', 55, 56, 1.0, NULL, 4.5, NULL, '다크초콜릿, 헤이즐넛, 마카다미아, 카카오닙스, 스모크', 'https://smartstore.naver.com/connectscoffee/products/3690278670', '2026-05-04 00:00:00', '2026-05-04 00:00:00'),
                                                                                                                                                                                                (51, 3, '브라우니 블렌드', 'BROWNY BLEND', 'MEDIUMDARK', 55, 56, 1.0, NULL, 5.0, NULL, '흑설탕, 밀크초콜릿, 엿기름, 헤이즐넛시럽', 'https://smartstore.naver.com/connectscoffee/products/10445271452', '2026-05-04 00:00:00', '2026-05-04 00:00:00'),
                                                                                                                                                                                                (52, 3, '디카페인 블렌드 위켄드', 'DECAF BLEND WEEKEND', 'MEDIUMDARK', 50, 51, 1.0, NULL, 4.0, NULL, '밀크초콜릿, 캐슈넛, 카카오, 캐러멜, 대추야자, 오트', 'https://smartstore.naver.com/connectscoffee/products/8419228516', '2026-05-04 00:00:00', '2026-05-04 00:00:00'),
                                                                                                                                                                                                (53, 3, '커넥츠 블렌드', 'CONNECTS BLEND', 'MEDIUM', 75, 76, 3.0, NULL, 3.0, NULL, '조청, 건포도, 바닐라, 밀크초콜릿, 엿기름', 'https://smartstore.naver.com/connectscoffee/products/5077036397', '2026-05-04 00:00:00', '2026-05-04 00:00:00'),
                                                                                                                                                                                                (54, 3, '뉴커먼 블렌드', 'NEW COMMON BLEND', 'MEDIUMDARK', 55, 56, 0.5, NULL, 4.5, NULL, '구운 피넛, 헤이즐넛, 카카오닙스', 'https://smartstore.naver.com/connectscoffee/products/3690306705', '2026-05-04 00:00:00', '2026-05-04 00:00:00')
    AS new_row
ON DUPLICATE KEY UPDATE roaster_id=new_row.roaster_id, name_ko=new_row.name_ko, name_en=new_row.name_en, roasting_level=new_row.roasting_level, agtron_min=new_row.agtron_min, agtron_max=new_row.agtron_max, acidity=new_row.acidity, sweetness=new_row.sweetness, body=new_row.body, balance=new_row.balance, description=new_row.description, product_url=new_row.product_url, updated_at=new_row.updated_at;

-- flavor_note 입력 전에 flavor_category enum 정의를 먼저 최신 값으로 맞춥니다.
ALTER TABLE flavor_note
    MODIFY flavor_category ENUM(
    'FRUITY',
    'FLORAL',
    'SWEET',
    'BROWN_SUGAR',
    'CHOCOLATY',
    'NUTTY',
    'SPICE',
    'ROASTED',
    'FERMENTED',
    'GREEN_VEGETATIVE',
    'EARTHY',
    'WOODY',
    'CHEMICAL',
    'SAVORY',
    'MOUTHFEEL',
    'DEFECT',
    'OTHER'
    ) NOT NULL;

-- CSV의 tasting_note에 맞춰 향미와 상품-향미 매핑을 재생성합니다.
-- 운영 데이터가 있는 DB에서는 실행 전 반드시 백업하세요.
DELETE FROM product_flavor_note;
DELETE FROM flavor_note;
ALTER TABLE product_flavor_note AUTO_INCREMENT = 1;
ALTER TABLE flavor_note AUTO_INCREMENT = 1;

INSERT INTO flavor_note (flavor_note_id, flavor_category, name_ko, name_en, flavor_image_url, created_at, updated_at) VALUES
                                                                                                                          (1, 'FRUITY', '체리', NULL, '/beans/flavor-image/v1/berry.png', '2026-05-04 00:00:00', '2026-05-04 00:00:00'),
                                                                                                                          (2, 'FRUITY', '포도', NULL, '/beans/flavor-image/v1/fermented.png', '2026-05-04 00:00:00', '2026-05-04 00:00:00'),
                                                                                                                          (3, 'FERMENTED', '와인', NULL, '/beans/flavor-image/v1/fermented.png', '2026-05-04 00:00:00', '2026-05-04 00:00:00'),
                                                                                                                          (4, 'SWEET', '꿀', NULL, '/beans/flavor-image/v1/caramel-sugar.png', '2026-05-04 00:00:00', '2026-05-04 00:00:00'),
                                                                                                                          (5, 'FRUITY', '망고', NULL, '/beans/flavor-image/v1/tropical.png', '2026-05-04 00:00:00', '2026-05-04 00:00:00'),
                                                                                                                          (6, 'FLORAL', '라벤더', NULL, '/beans/flavor-image/v1/floral.png', '2026-05-04 00:00:00', '2026-05-04 00:00:00'),
                                                                                                                          (7, 'FRUITY', '오렌지주스', NULL, '/beans/flavor-image/v1/citrus.png', '2026-05-04 00:00:00', '2026-05-04 00:00:00'),
                                                                                                                          (8, 'FRUITY', '딸기잼', NULL, '/beans/flavor-image/v1/berry.png', '2026-05-04 00:00:00', '2026-05-04 00:00:00'),
                                                                                                                          (9, 'FRUITY', '복숭아', NULL, '/beans/flavor-image/v1/stone-fruit.png', '2026-05-04 00:00:00', '2026-05-04 00:00:00'),
                                                                                                                          (10, 'FRUITY', '블루베리', NULL, '/beans/flavor-image/v1/berry.png', '2026-05-04 00:00:00', '2026-05-04 00:00:00'),
                                                                                                                          (11, 'FRUITY', '리치', NULL, '/beans/flavor-image/v1/tropical.png', '2026-05-04 00:00:00', '2026-05-04 00:00:00'),
                                                                                                                          (12, 'FERMENTED', '요거트', NULL, '/beans/flavor-image/v1/fermented.png', '2026-05-04 00:00:00', '2026-05-04 00:00:00'),
                                                                                                                          (13, 'FRUITY', '레몬제스트', NULL, '/beans/flavor-image/v1/citrus.png', '2026-05-04 00:00:00', '2026-05-04 00:00:00'),
                                                                                                                          (14, 'FLORAL', '자스민', NULL, '/beans/flavor-image/v1/floral.png', '2026-05-04 00:00:00', '2026-05-04 00:00:00'),
                                                                                                                          (15, 'CHOCOLATY', '다크초콜릿', NULL, '/beans/flavor-image/v1/chocolate.png', '2026-05-04 00:00:00', '2026-05-04 00:00:00'),
                                                                                                                          (16, 'CHOCOLATY', '카카오', NULL, '/beans/flavor-image/v1/chocolate.png', '2026-05-04 00:00:00', '2026-05-04 00:00:00'),
                                                                                                                          (17, 'SWEET', '캐러멜', NULL, '/beans/flavor-image/v1/caramel-sugar.png', '2026-05-04 00:00:00', '2026-05-04 00:00:00'),
                                                                                                                          (18, 'FRUITY', '바나나', NULL, '/beans/flavor-image/v1/tropical.png', '2026-05-04 00:00:00', '2026-05-04 00:00:00'),
                                                                                                                          (19, 'FRUITY', '오렌지', NULL, '/beans/flavor-image/v1/citrus.png', '2026-05-04 00:00:00', '2026-05-04 00:00:00'),
                                                                                                                          (20, 'BROWN_SUGAR', '비정제설탕', NULL, '/beans/flavor-image/v1/caramel-sugar.png', '2026-05-04 00:00:00', '2026-05-04 00:00:00'),
                                                                                                                          (21, 'CHOCOLATY', '밀크초콜릿', NULL, '/beans/flavor-image/v1/chocolate.png', '2026-05-04 00:00:00', '2026-05-04 00:00:00'),
                                                                                                                          (22, 'FRUITY', '사과', NULL, '/beans/flavor-image/v1/apple-pear.png', '2026-05-04 00:00:00', '2026-05-04 00:00:00'),
                                                                                                                          (23, 'NUTTY', '아몬드', NULL, '/beans/flavor-image/v1/nuts.png', '2026-05-04 00:00:00', '2026-05-04 00:00:00'),
                                                                                                                          (24, 'SAVORY', '고구마', NULL, '/beans/flavor-image/v1/grain.png', '2026-05-04 00:00:00', '2026-05-04 00:00:00'),
                                                                                                                          (25, 'FLORAL', '플로럴', NULL, '/beans/flavor-image/v1/floral.png', '2026-05-04 00:00:00', '2026-05-04 00:00:00'),
                                                                                                                          (26, 'NUTTY', '피스타치오', NULL, '/beans/flavor-image/v1/nuts.png', '2026-05-04 00:00:00', '2026-05-04 00:00:00'),
                                                                                                                          (27, 'SAVORY', '보리', NULL, '/beans/flavor-image/v1/grain.png', '2026-05-04 00:00:00', '2026-05-04 00:00:00'),
                                                                                                                          (28, 'SAVORY', '곡물', NULL, '/beans/flavor-image/v1/grain.png', '2026-05-04 00:00:00', '2026-05-04 00:00:00'),
                                                                                                                          (29, 'SAVORY', '모카번', NULL, '/beans/flavor-image/v1/grain.png', '2026-05-04 00:00:00', '2026-05-04 00:00:00'),
                                                                                                                          (30, 'EARTHY', '흙', NULL, '/beans/flavor-image/v1/default.png', '2026-05-04 00:00:00', '2026-05-04 00:00:00'),
                                                                                                                          (31, 'CHOCOLATY', '초콜릿', NULL, '/beans/flavor-image/v1/chocolate.png', '2026-05-04 00:00:00', '2026-05-04 00:00:00'),
                                                                                                                          (32, 'NUTTY', '피칸', NULL, '/beans/flavor-image/v1/nuts.png', '2026-05-04 00:00:00', '2026-05-04 00:00:00'),
                                                                                                                          (33, 'MOUTHFEEL', '크림', NULL, '/beans/flavor-image/v1/default.png', '2026-05-04 00:00:00', '2026-05-04 00:00:00'),
                                                                                                                          (34, 'FRUITY', '핵과류', NULL, '/beans/flavor-image/v1/stone-fruit.png', '2026-05-04 00:00:00', '2026-05-04 00:00:00'),
                                                                                                                          (35, 'FRUITY', '시트러스', NULL, '/beans/flavor-image/v1/citrus.png', '2026-05-04 00:00:00', '2026-05-04 00:00:00'),
                                                                                                                          (36, 'NUTTY', '구운 견과', NULL, '/beans/flavor-image/v1/roasted-smoky.png', '2026-05-04 00:00:00', '2026-05-04 00:00:00'),
                                                                                                                          (37, 'OTHER', '건과일', NULL, '/beans/flavor-image/v1/dried-fruit.png', '2026-05-04 00:00:00', '2026-05-04 00:00:00'),
                                                                                                                          (38, 'OTHER', '믹스베리', NULL, '/beans/flavor-image/v1/berry.png', '2026-05-04 00:00:00', '2026-05-04 00:00:00'),
                                                                                                                          (39, 'SWEET', '메이플시럽', NULL, '/beans/flavor-image/v1/caramel-sugar.png', '2026-05-04 00:00:00', '2026-05-04 00:00:00'),
                                                                                                                          (40, 'NUTTY', '구운 아몬드', NULL, '/beans/flavor-image/v1/roasted-smoky.png', '2026-05-04 00:00:00', '2026-05-04 00:00:00'),
                                                                                                                          (41, 'FLORAL', '오렌지꽃', NULL, '/beans/flavor-image/v1/floral.png', '2026-05-04 00:00:00', '2026-05-04 00:00:00'),
                                                                                                                          (42, 'SWEET', '아카시아꿀', NULL, '/beans/flavor-image/v1/caramel-sugar.png', '2026-05-04 00:00:00', '2026-05-04 00:00:00'),
                                                                                                                          (43, 'FRUITY', '백도', NULL, '/beans/flavor-image/v1/stone-fruit.png', '2026-05-04 00:00:00', '2026-05-04 00:00:00'),
                                                                                                                          (44, 'FRUITY', '귤', NULL, '/beans/flavor-image/v1/citrus.png', '2026-05-04 00:00:00', '2026-05-04 00:00:00'),
                                                                                                                          (45, 'GREEN_VEGETATIVE', '백차', NULL, '/beans/flavor-image/v1/tea-herbal.png', '2026-05-04 00:00:00', '2026-05-04 00:00:00'),
                                                                                                                          (46, 'SWEET', '케인슈가', NULL, '/beans/flavor-image/v1/caramel-sugar.png', '2026-05-04 00:00:00', '2026-05-04 00:00:00'),
                                                                                                                          (47, 'FLORAL', '캐모마일', NULL, '/beans/flavor-image/v1/floral.png', '2026-05-04 00:00:00', '2026-05-04 00:00:00'),
                                                                                                                          (48, 'FRUITY', '배', NULL, '/beans/flavor-image/v1/apple-pear.png', '2026-05-04 00:00:00', '2026-05-04 00:00:00'),
                                                                                                                          (49, 'FRUITY', '감', NULL, '/beans/flavor-image/v1/apple-pear.png', '2026-05-04 00:00:00', '2026-05-04 00:00:00'),
                                                                                                                          (50, 'FRUITY', '오미자', NULL, '/beans/flavor-image/v1/apple-pear.png', '2026-05-04 00:00:00', '2026-05-04 00:00:00'),
                                                                                                                          (51, 'FRUITY', '청귤', NULL, '/beans/flavor-image/v1/citrus.png', '2026-05-04 00:00:00', '2026-05-04 00:00:00'),
                                                                                                                          (52, 'FRUITY', '레몬라임', NULL, '/beans/flavor-image/v1/citrus.png', '2026-05-04 00:00:00', '2026-05-04 00:00:00'),
                                                                                                                          (53, 'GREEN_VEGETATIVE', '베르가못', NULL, '/beans/flavor-image/v1/citrus.png', '2026-05-04 00:00:00', '2026-05-04 00:00:00'),
                                                                                                                          (54, 'SPICE', '향신료', NULL, '/beans/flavor-image/v1/spice.png', '2026-05-04 00:00:00', '2026-05-04 00:00:00'),
                                                                                                                          (55, 'FRUITY', '다크체리', NULL, '/beans/flavor-image/v1/berry.png', '2026-05-04 00:00:00', '2026-05-04 00:00:00'),
                                                                                                                          (56, 'FRUITY', '라즈베리', NULL, '/beans/flavor-image/v1/berry.png', '2026-05-04 00:00:00', '2026-05-04 00:00:00'),
                                                                                                                          (57, 'GREEN_VEGETATIVE', '다즐링', NULL, '/beans/flavor-image/v1/tea-herbal.png', '2026-05-04 00:00:00', '2026-05-04 00:00:00'),
                                                                                                                          (58, 'FRUITY', '청포도', NULL, '/beans/flavor-image/v1/fermented.png', '2026-05-04 00:00:00', '2026-05-04 00:00:00'),
                                                                                                                          (59, 'FLORAL', '백합', NULL, '/beans/flavor-image/v1/floral.png', '2026-05-04 00:00:00', '2026-05-04 00:00:00'),
                                                                                                                          (60, 'FRUITY', '살구', NULL, '/beans/flavor-image/v1/stone-fruit.png', '2026-05-04 00:00:00', '2026-05-04 00:00:00'),
                                                                                                                          (61, 'FRUITY', '무화과', NULL, '/beans/flavor-image/v1/dried-fruit.png', '2026-05-04 00:00:00', '2026-05-04 00:00:00'),
                                                                                                                          (62, 'FRUITY', '청사과', NULL, '/beans/flavor-image/v1/apple-pear.png', '2026-05-04 00:00:00', '2026-05-04 00:00:00'),
                                                                                                                          (63, 'FRUITY', '말린 살구', NULL, '/beans/flavor-image/v1/dried-fruit.png', '2026-05-04 00:00:00', '2026-05-04 00:00:00'),
                                                                                                                          (64, 'FRUITY', '망고스틴', NULL, '/beans/flavor-image/v1/tropical.png', '2026-05-04 00:00:00', '2026-05-04 00:00:00'),
                                                                                                                          (65, 'FRUITY', '딸기', NULL, '/beans/flavor-image/v1/berry.png', '2026-05-04 00:00:00', '2026-05-04 00:00:00'),
                                                                                                                          (66, 'FRUITY', '자몽', NULL, '/beans/flavor-image/v1/citrus.png', '2026-05-04 00:00:00', '2026-05-04 00:00:00'),
                                                                                                                          (67, 'FRUITY', '모과', NULL, '/beans/flavor-image/v1/apple-pear.png', '2026-05-04 00:00:00', '2026-05-04 00:00:00'),
                                                                                                                          (68, 'FRUITY', '자두', NULL, '/beans/flavor-image/v1/stone-fruit.png', '2026-05-04 00:00:00', '2026-05-04 00:00:00'),
                                                                                                                          (69, 'GREEN_VEGETATIVE', '레몬그라스', NULL, '/beans/flavor-image/v1/tea-herbal.png', '2026-05-04 00:00:00', '2026-05-04 00:00:00'),
                                                                                                                          (70, 'NUTTY', '캐슈넛', NULL, '/beans/flavor-image/v1/nuts.png', '2026-05-04 00:00:00', '2026-05-04 00:00:00'),
                                                                                                                          (71, 'NUTTY', '피넛', NULL, '/beans/flavor-image/v1/nuts.png', '2026-05-04 00:00:00', '2026-05-04 00:00:00'),
                                                                                                                          (72, 'FRUITY', '건포도', NULL, '/beans/flavor-image/v1/dried-fruit.png', '2026-05-04 00:00:00', '2026-05-04 00:00:00'),
                                                                                                                          (73, 'FRUITY', '블랙커런트', NULL, '/beans/flavor-image/v1/berry.png', '2026-05-04 00:00:00', '2026-05-04 00:00:00'),
                                                                                                                          (74, 'BROWN_SUGAR', '브라운슈가', NULL, '/beans/flavor-image/v1/caramel-sugar.png', '2026-05-04 00:00:00', '2026-05-04 00:00:00'),
                                                                                                                          (75, 'NUTTY', '월넛', NULL, '/beans/flavor-image/v1/nuts.png', '2026-05-04 00:00:00', '2026-05-04 00:00:00'),
                                                                                                                          (76, 'GREEN_VEGETATIVE', '유칼립투스', NULL, '/beans/flavor-image/v1/tea-herbal.png', '2026-05-04 00:00:00', '2026-05-04 00:00:00'),
                                                                                                                          (77, 'GREEN_VEGETATIVE', '얼그레이', NULL, '/beans/flavor-image/v1/tea-herbal.png', '2026-05-04 00:00:00', '2026-05-04 00:00:00'),
                                                                                                                          (78, 'GREEN_VEGETATIVE', '녹차', NULL, '/beans/flavor-image/v1/tea-herbal.png', '2026-05-04 00:00:00', '2026-05-04 00:00:00'),
                                                                                                                          (79, 'FRUITY', '산딸기', NULL, '/beans/flavor-image/v1/berry.png', '2026-05-04 00:00:00', '2026-05-04 00:00:00'),
                                                                                                                          (80, 'FRUITY', '체리코크', NULL, '/beans/flavor-image/v1/berry.png', '2026-05-04 00:00:00', '2026-05-04 00:00:00'),
                                                                                                                          (81, 'FRUITY', '파인애플', NULL, '/beans/flavor-image/v1/tropical.png', '2026-05-04 00:00:00', '2026-05-04 00:00:00'),
                                                                                                                          (82, 'FRUITY', '만다린', NULL, '/beans/flavor-image/v1/citrus.png', '2026-05-04 00:00:00', '2026-05-04 00:00:00'),
                                                                                                                          (83, 'FRUITY', '블랙체리', NULL, '/beans/flavor-image/v1/berry.png', '2026-05-04 00:00:00', '2026-05-04 00:00:00'),
                                                                                                                          (84, 'FLORAL', '히비스커스', NULL, '/beans/flavor-image/v1/floral.png', '2026-05-04 00:00:00', '2026-05-04 00:00:00'),
                                                                                                                          (85, 'FRUITY', '대추야자', NULL, '/beans/flavor-image/v1/dried-fruit.png', '2026-05-04 00:00:00', '2026-05-04 00:00:00'),
                                                                                                                          (86, 'FRUITY', '건푸룬', NULL, '/beans/flavor-image/v1/dried-fruit.png', '2026-05-04 00:00:00', '2026-05-04 00:00:00'),
                                                                                                                          (87, 'FRUITY', '건자두', NULL, '/beans/flavor-image/v1/dried-fruit.png', '2026-05-04 00:00:00', '2026-05-04 00:00:00'),
                                                                                                                          (88, 'SWEET', '시럽', NULL, '/beans/flavor-image/v1/caramel-sugar.png', '2026-05-04 00:00:00', '2026-05-04 00:00:00'),
                                                                                                                          (89, 'SWEET', '딸기 사탕', NULL, '/beans/flavor-image/v1/berry.png', '2026-05-04 00:00:00', '2026-05-04 00:00:00'),
                                                                                                                          (90, 'FLORAL', '장미', NULL, '/beans/flavor-image/v1/floral.png', '2026-05-04 00:00:00', '2026-05-04 00:00:00'),
                                                                                                                          (91, 'GREEN_VEGETATIVE', '홍차', NULL, '/beans/flavor-image/v1/tea-herbal.png', '2026-05-04 00:00:00', '2026-05-04 00:00:00'),
                                                                                                                          (92, 'FERMENTED', '럼', NULL, '/beans/flavor-image/v1/fermented.png', '2026-05-04 00:00:00', '2026-05-04 00:00:00'),
                                                                                                                          (93, 'FRUITY', '블랙베리', NULL, '/beans/flavor-image/v1/berry.png', '2026-05-04 00:00:00', '2026-05-04 00:00:00'),
                                                                                                                          (94, 'FERMENTED', '와이니', NULL, '/beans/flavor-image/v1/fermented.png', '2026-05-04 00:00:00', '2026-05-04 00:00:00'),
                                                                                                                          (95, 'NUTTY', '마카다미아', NULL, '/beans/flavor-image/v1/nuts.png', '2026-05-04 00:00:00', '2026-05-04 00:00:00'),
                                                                                                                          (96, 'FRUITY', '열대과일', NULL, '/beans/flavor-image/v1/tropical.png', '2026-05-04 00:00:00', '2026-05-04 00:00:00'),
                                                                                                                          (97, 'SAVORY', '엿기름', NULL, '/beans/flavor-image/v1/grain.png', '2026-05-04 00:00:00', '2026-05-04 00:00:00'),
                                                                                                                          (98, 'BROWN_SUGAR', '흑설탕', NULL, '/beans/flavor-image/v1/caramel-sugar.png', '2026-05-04 00:00:00', '2026-05-04 00:00:00'),
                                                                                                                          (99, 'ROASTED', '스모크', NULL, '/beans/flavor-image/v1/roasted-smoky.png', '2026-05-04 00:00:00', '2026-05-04 00:00:00'),
                                                                                                                          (100, 'FRUITY', '레드베리', NULL, '/beans/flavor-image/v1/berry.png', '2026-05-04 00:00:00', '2026-05-04 00:00:00'),
                                                                                                                          (101, 'FRUITY', '라즈베리 캔디', NULL, '/beans/flavor-image/v1/berry.png', '2026-05-04 00:00:00', '2026-05-04 00:00:00'),
                                                                                                                          (102, 'FRUITY', '크랜베리', NULL, '/beans/flavor-image/v1/berry.png', '2026-05-04 00:00:00', '2026-05-04 00:00:00'),
                                                                                                                          (103, 'FRUITY', '패션후르츠', NULL, '/beans/flavor-image/v1/tropical.png', '2026-05-04 00:00:00', '2026-05-04 00:00:00'),
                                                                                                                          (104, 'NUTTY', '헤이즐넛', NULL, '/beans/flavor-image/v1/nuts.png', '2026-05-04 00:00:00', '2026-05-04 00:00:00'),
                                                                                                                          (105, 'CHOCOLATY', '카카오닙스', NULL, '/beans/flavor-image/v1/chocolate.png', '2026-05-04 00:00:00', '2026-05-04 00:00:00'),
                                                                                                                          (106, 'NUTTY', '헤이즐넛시럽', NULL, '/beans/flavor-image/v1/nuts.png', '2026-05-04 00:00:00', '2026-05-04 00:00:00'),
                                                                                                                          (107, 'SAVORY', '오트', NULL, '/beans/flavor-image/v1/grain.png', '2026-05-04 00:00:00', '2026-05-04 00:00:00'),
                                                                                                                          (108, 'SWEET', '조청', NULL, '/beans/flavor-image/v1/caramel-sugar.png', '2026-05-04 00:00:00', '2026-05-04 00:00:00'),
                                                                                                                          (109, 'SWEET', '바닐라', NULL, '/beans/flavor-image/v1/spice.png', '2026-05-04 00:00:00', '2026-05-04 00:00:00'),
                                                                                                                          (110, 'NUTTY', '구운 피넛', NULL, '/beans/flavor-image/v1/roasted-smoky.png', '2026-05-04 00:00:00', '2026-05-04 00:00:00')
    AS new_row
ON DUPLICATE KEY UPDATE flavor_category=new_row.flavor_category, name_ko=new_row.name_ko, name_en=new_row.name_en, flavor_image_url=new_row.flavor_image_url, updated_at=new_row.updated_at;

INSERT INTO bean_product (bean_product_id, product_id, bean_id, created_at, updated_at) VALUES
                                                                                            (1, 1, 1, '2026-05-04 00:00:00', '2026-05-04 00:00:00'),
                                                                                            (36, 2, 35, '2026-05-04 00:00:00', '2026-05-04 00:00:00'),
                                                                                            (2, 3, 2, '2026-05-04 00:00:00', '2026-05-04 00:00:00'),
                                                                                            (3, 4, 3, '2026-05-04 00:00:00', '2026-05-04 00:00:00'),
                                                                                            (4, 5, 4, '2026-05-04 00:00:00', '2026-05-04 00:00:00'),
                                                                                            (37, 6, 36, '2026-05-04 00:00:00', '2026-05-04 00:00:00'),
                                                                                            (38, 7, 37, '2026-05-04 00:00:00', '2026-05-04 00:00:00'),
                                                                                            (39, 8, 38, '2026-05-04 00:00:00', '2026-05-04 00:00:00'),
                                                                                            (5, 9, 5, '2026-05-04 00:00:00', '2026-05-04 00:00:00'),
                                                                                            (6, 10, 6, '2026-05-04 00:00:00', '2026-05-04 00:00:00'),
                                                                                            (7, 11, 7, '2026-05-04 00:00:00', '2026-05-04 00:00:00'),
                                                                                            (8, 12, 8, '2026-05-04 00:00:00', '2026-05-04 00:00:00'),
                                                                                            (9, 13, 9, '2026-05-04 00:00:00', '2026-05-04 00:00:00'),
                                                                                            (40, 14, 39, '2026-05-04 00:00:00', '2026-05-04 00:00:00'),
                                                                                            (41, 15, 40, '2026-05-04 00:00:00', '2026-05-04 00:00:00'),
                                                                                            (42, 16, 41, '2026-05-04 00:00:00', '2026-05-04 00:00:00'),
                                                                                            (43, 17, 42, '2026-05-04 00:00:00', '2026-05-04 00:00:00'),
                                                                                            (10, 18, 10, '2026-05-04 00:00:00', '2026-05-04 00:00:00'),
                                                                                            (11, 19, 11, '2026-05-04 00:00:00', '2026-05-04 00:00:00'),
                                                                                            (12, 20, 12, '2026-05-04 00:00:00', '2026-05-04 00:00:00'),
                                                                                            (13, 21, 13, '2026-05-04 00:00:00', '2026-05-04 00:00:00'),
                                                                                            (44, 22, 43, '2026-05-04 00:00:00', '2026-05-04 00:00:00'),
                                                                                            (45, 23, 44, '2026-05-04 00:00:00', '2026-05-04 00:00:00'),
                                                                                            (46, 24, 45, '2026-05-04 00:00:00', '2026-05-04 00:00:00'),
                                                                                            (47, 25, 46, '2026-05-04 00:00:00', '2026-05-04 00:00:00'),
                                                                                            (14, 26, 14, '2026-05-04 00:00:00', '2026-05-04 00:00:00'),
                                                                                            (15, 27, 15, '2026-05-04 00:00:00', '2026-05-04 00:00:00'),
                                                                                            (16, 28, 3, '2026-05-04 00:00:00', '2026-05-04 00:00:00'),
                                                                                            (17, 29, 16, '2026-05-04 00:00:00', '2026-05-04 00:00:00'),
                                                                                            (18, 30, 17, '2026-05-04 00:00:00', '2026-05-04 00:00:00'),
                                                                                            (19, 31, 18, '2026-05-04 00:00:00', '2026-05-04 00:00:00'),
                                                                                            (20, 32, 19, '2026-05-04 00:00:00', '2026-05-04 00:00:00'),
                                                                                            (21, 33, 20, '2026-05-04 00:00:00', '2026-05-04 00:00:00'),
                                                                                            (22, 34, 21, '2026-05-04 00:00:00', '2026-05-04 00:00:00'),
                                                                                            (23, 35, 22, '2026-05-04 00:00:00', '2026-05-04 00:00:00'),
                                                                                            (24, 36, 23, '2026-05-04 00:00:00', '2026-05-04 00:00:00'),
                                                                                            (25, 37, 24, '2026-05-04 00:00:00', '2026-05-04 00:00:00'),
                                                                                            (26, 38, 25, '2026-05-04 00:00:00', '2026-05-04 00:00:00'),
                                                                                            (27, 39, 26, '2026-05-04 00:00:00', '2026-05-04 00:00:00'),
                                                                                            (28, 40, 27, '2026-05-04 00:00:00', '2026-05-04 00:00:00'),
                                                                                            (29, 41, 28, '2026-05-04 00:00:00', '2026-05-04 00:00:00'),
                                                                                            (30, 42, 29, '2026-05-04 00:00:00', '2026-05-04 00:00:00'),
                                                                                            (31, 43, 30, '2026-05-04 00:00:00', '2026-05-04 00:00:00'),
                                                                                            (32, 44, 31, '2026-05-04 00:00:00', '2026-05-04 00:00:00'),
                                                                                            (33, 45, 32, '2026-05-04 00:00:00', '2026-05-04 00:00:00'),
                                                                                            (34, 46, 33, '2026-05-04 00:00:00', '2026-05-04 00:00:00'),
                                                                                            (35, 47, 34, '2026-05-04 00:00:00', '2026-05-04 00:00:00'),
                                                                                            (48, 48, 47, '2026-05-04 00:00:00', '2026-05-04 00:00:00'),
                                                                                            (49, 49, 48, '2026-05-04 00:00:00', '2026-05-04 00:00:00'),
                                                                                            (50, 50, 49, '2026-05-04 00:00:00', '2026-05-04 00:00:00'),
                                                                                            (51, 51, 50, '2026-05-04 00:00:00', '2026-05-04 00:00:00'),
                                                                                            (52, 52, 51, '2026-05-04 00:00:00', '2026-05-04 00:00:00'),
                                                                                            (53, 53, 52, '2026-05-04 00:00:00', '2026-05-04 00:00:00'),
                                                                                            (54, 54, 53, '2026-05-04 00:00:00', '2026-05-04 00:00:00')
    AS new_row
ON DUPLICATE KEY UPDATE product_id=new_row.product_id, bean_id=new_row.bean_id, updated_at=new_row.updated_at;

INSERT INTO product_flavor_note (product_flavor_note_id, product_id, flavor_note_id, created_at, updated_at) VALUES
                                                                                                                 (1, 1, 1, '2026-05-04 00:00:00', '2026-05-04 00:00:00'),
                                                                                                                 (2, 1, 2, '2026-05-04 00:00:00', '2026-05-04 00:00:00'),
                                                                                                                 (3, 1, 3, '2026-05-04 00:00:00', '2026-05-04 00:00:00'),
                                                                                                                 (4, 1, 4, '2026-05-04 00:00:00', '2026-05-04 00:00:00'),
                                                                                                                 (5, 2, 5, '2026-05-04 00:00:00', '2026-05-04 00:00:00'),
                                                                                                                 (6, 2, 6, '2026-05-04 00:00:00', '2026-05-04 00:00:00'),
                                                                                                                 (7, 2, 7, '2026-05-04 00:00:00', '2026-05-04 00:00:00'),
                                                                                                                 (8, 3, 8, '2026-05-04 00:00:00', '2026-05-04 00:00:00'),
                                                                                                                 (9, 3, 9, '2026-05-04 00:00:00', '2026-05-04 00:00:00'),
                                                                                                                 (10, 3, 10, '2026-05-04 00:00:00', '2026-05-04 00:00:00'),
                                                                                                                 (11, 3, 5, '2026-05-04 00:00:00', '2026-05-04 00:00:00'),
                                                                                                                 (12, 4, 11, '2026-05-04 00:00:00', '2026-05-04 00:00:00'),
                                                                                                                 (13, 4, 9, '2026-05-04 00:00:00', '2026-05-04 00:00:00'),
                                                                                                                 (14, 4, 12, '2026-05-04 00:00:00', '2026-05-04 00:00:00'),
                                                                                                                 (15, 5, 6, '2026-05-04 00:00:00', '2026-05-04 00:00:00'),
                                                                                                                 (16, 5, 13, '2026-05-04 00:00:00', '2026-05-04 00:00:00'),
                                                                                                                 (17, 5, 14, '2026-05-04 00:00:00', '2026-05-04 00:00:00'),
                                                                                                                 (18, 6, 15, '2026-05-04 00:00:00', '2026-05-04 00:00:00'),
                                                                                                                 (19, 6, 16, '2026-05-04 00:00:00', '2026-05-04 00:00:00'),
                                                                                                                 (20, 6, 17, '2026-05-04 00:00:00', '2026-05-04 00:00:00'),
                                                                                                                 (21, 6, 18, '2026-05-04 00:00:00', '2026-05-04 00:00:00'),
                                                                                                                 (22, 7, 19, '2026-05-04 00:00:00', '2026-05-04 00:00:00'),
                                                                                                                 (23, 7, 20, '2026-05-04 00:00:00', '2026-05-04 00:00:00'),
                                                                                                                 (24, 7, 14, '2026-05-04 00:00:00', '2026-05-04 00:00:00'),
                                                                                                                 (25, 8, 20, '2026-05-04 00:00:00', '2026-05-04 00:00:00'),
                                                                                                                 (26, 8, 21, '2026-05-04 00:00:00', '2026-05-04 00:00:00'),
                                                                                                                 (27, 8, 22, '2026-05-04 00:00:00', '2026-05-04 00:00:00'),
                                                                                                                 (28, 9, 15, '2026-05-04 00:00:00', '2026-05-04 00:00:00'),
                                                                                                                 (29, 9, 23, '2026-05-04 00:00:00', '2026-05-04 00:00:00'),
                                                                                                                 (30, 9, 17, '2026-05-04 00:00:00', '2026-05-04 00:00:00'),
                                                                                                                 (31, 10, 19, '2026-05-04 00:00:00', '2026-05-04 00:00:00'),
                                                                                                                 (32, 10, 24, '2026-05-04 00:00:00', '2026-05-04 00:00:00'),
                                                                                                                 (33, 10, 25, '2026-05-04 00:00:00', '2026-05-04 00:00:00'),
                                                                                                                 (34, 11, 26, '2026-05-04 00:00:00', '2026-05-04 00:00:00'),
                                                                                                                 (35, 11, 27, '2026-05-04 00:00:00', '2026-05-04 00:00:00'),
                                                                                                                 (36, 11, 28, '2026-05-04 00:00:00', '2026-05-04 00:00:00'),
                                                                                                                 (37, 11, 17, '2026-05-04 00:00:00', '2026-05-04 00:00:00'),
                                                                                                                 (38, 12, 19, '2026-05-04 00:00:00', '2026-05-04 00:00:00'),
                                                                                                                 (39, 12, 4, '2026-05-04 00:00:00', '2026-05-04 00:00:00'),
                                                                                                                 (40, 12, 20, '2026-05-04 00:00:00', '2026-05-04 00:00:00'),
                                                                                                                 (41, 13, 29, '2026-05-04 00:00:00', '2026-05-04 00:00:00'),
                                                                                                                 (42, 13, 30, '2026-05-04 00:00:00', '2026-05-04 00:00:00'),
                                                                                                                 (43, 13, 15, '2026-05-04 00:00:00', '2026-05-04 00:00:00'),
                                                                                                                 (44, 14, 31, '2026-05-04 00:00:00', '2026-05-04 00:00:00'),
                                                                                                                 (45, 14, 32, '2026-05-04 00:00:00', '2026-05-04 00:00:00'),
                                                                                                                 (46, 14, 33, '2026-05-04 00:00:00', '2026-05-04 00:00:00'),
                                                                                                                 (47, 15, 34, '2026-05-04 00:00:00', '2026-05-04 00:00:00'),
                                                                                                                 (48, 15, 35, '2026-05-04 00:00:00', '2026-05-04 00:00:00'),
                                                                                                                 (49, 15, 4, '2026-05-04 00:00:00', '2026-05-04 00:00:00'),
                                                                                                                 (50, 16, 36, '2026-05-04 00:00:00', '2026-05-04 00:00:00'),
                                                                                                                 (51, 16, 17, '2026-05-04 00:00:00', '2026-05-04 00:00:00'),
                                                                                                                 (52, 16, 37, '2026-05-04 00:00:00', '2026-05-04 00:00:00'),
                                                                                                                 (53, 17, 38, '2026-05-04 00:00:00', '2026-05-04 00:00:00'),
                                                                                                                 (54, 17, 1, '2026-05-04 00:00:00', '2026-05-04 00:00:00'),
                                                                                                                 (55, 17, 39, '2026-05-04 00:00:00', '2026-05-04 00:00:00'),
                                                                                                                 (56, 18, 31, '2026-05-04 00:00:00', '2026-05-04 00:00:00'),
                                                                                                                 (57, 18, 17, '2026-05-04 00:00:00', '2026-05-04 00:00:00'),
                                                                                                                 (58, 18, 40, '2026-05-04 00:00:00', '2026-05-04 00:00:00'),
                                                                                                                 (59, 18, 33, '2026-05-04 00:00:00', '2026-05-04 00:00:00'),
                                                                                                                 (60, 19, 41, '2026-05-04 00:00:00', '2026-05-04 00:00:00'),
                                                                                                                 (61, 19, 19, '2026-05-04 00:00:00', '2026-05-04 00:00:00'),
                                                                                                                 (62, 19, 42, '2026-05-04 00:00:00', '2026-05-04 00:00:00'),
                                                                                                                 (63, 20, 43, '2026-05-04 00:00:00', '2026-05-04 00:00:00'),
                                                                                                                 (64, 20, 44, '2026-05-04 00:00:00', '2026-05-04 00:00:00'),
                                                                                                                 (65, 20, 45, '2026-05-04 00:00:00', '2026-05-04 00:00:00'),
                                                                                                                 (66, 20, 46, '2026-05-04 00:00:00', '2026-05-04 00:00:00'),
                                                                                                                 (67, 21, 47, '2026-05-04 00:00:00', '2026-05-04 00:00:00'),
                                                                                                                 (68, 21, 34, '2026-05-04 00:00:00', '2026-05-04 00:00:00'),
                                                                                                                 (69, 21, 48, '2026-05-04 00:00:00', '2026-05-04 00:00:00'),
                                                                                                                 (70, 22, 22, '2026-05-04 00:00:00', '2026-05-04 00:00:00'),
                                                                                                                 (71, 22, 49, '2026-05-04 00:00:00', '2026-05-04 00:00:00'),
                                                                                                                 (72, 22, 50, '2026-05-04 00:00:00', '2026-05-04 00:00:00'),
                                                                                                                 (73, 22, 39, '2026-05-04 00:00:00', '2026-05-04 00:00:00'),
                                                                                                                 (74, 23, 51, '2026-05-04 00:00:00', '2026-05-04 00:00:00'),
                                                                                                                 (75, 23, 52, '2026-05-04 00:00:00', '2026-05-04 00:00:00'),
                                                                                                                 (76, 23, 53, '2026-05-04 00:00:00', '2026-05-04 00:00:00'),
                                                                                                                 (77, 23, 54, '2026-05-04 00:00:00', '2026-05-04 00:00:00'),
                                                                                                                 (78, 24, 55, '2026-05-04 00:00:00', '2026-05-04 00:00:00'),
                                                                                                                 (79, 24, 56, '2026-05-04 00:00:00', '2026-05-04 00:00:00'),
                                                                                                                 (80, 24, 31, '2026-05-04 00:00:00', '2026-05-04 00:00:00'),
                                                                                                                 (81, 25, 57, '2026-05-04 00:00:00', '2026-05-04 00:00:00'),
                                                                                                                 (82, 25, 58, '2026-05-04 00:00:00', '2026-05-04 00:00:00'),
                                                                                                                 (83, 25, 59, '2026-05-04 00:00:00', '2026-05-04 00:00:00'),
                                                                                                                 (84, 25, 60, '2026-05-04 00:00:00', '2026-05-04 00:00:00'),
                                                                                                                 (85, 26, 61, '2026-05-04 00:00:00', '2026-05-04 00:00:00'),
                                                                                                                 (86, 26, 62, '2026-05-04 00:00:00', '2026-05-04 00:00:00'),
                                                                                                                 (87, 26, 63, '2026-05-04 00:00:00', '2026-05-04 00:00:00'),
                                                                                                                 (88, 26, 45, '2026-05-04 00:00:00', '2026-05-04 00:00:00'),
                                                                                                                 (89, 27, 41, '2026-05-04 00:00:00', '2026-05-04 00:00:00'),
                                                                                                                 (90, 27, 19, '2026-05-04 00:00:00', '2026-05-04 00:00:00'),
                                                                                                                 (91, 27, 42, '2026-05-04 00:00:00', '2026-05-04 00:00:00'),
                                                                                                                 (92, 28, 9, '2026-05-04 00:00:00', '2026-05-04 00:00:00'),
                                                                                                                 (93, 28, 11, '2026-05-04 00:00:00', '2026-05-04 00:00:00'),
                                                                                                                 (94, 28, 64, '2026-05-04 00:00:00', '2026-05-04 00:00:00'),
                                                                                                                 (95, 29, 4, '2026-05-04 00:00:00', '2026-05-04 00:00:00'),
                                                                                                                 (96, 29, 60, '2026-05-04 00:00:00', '2026-05-04 00:00:00'),
                                                                                                                 (97, 29, 1, '2026-05-04 00:00:00', '2026-05-04 00:00:00'),
                                                                                                                 (98, 29, 65, '2026-05-04 00:00:00', '2026-05-04 00:00:00'),
                                                                                                                 (99, 29, 9, '2026-05-04 00:00:00', '2026-05-04 00:00:00'),
                                                                                                                 (100, 29, 14, '2026-05-04 00:00:00', '2026-05-04 00:00:00'),
                                                                                                                 (101, 29, 35, '2026-05-04 00:00:00', '2026-05-04 00:00:00'),
                                                                                                                 (102, 30, 56, '2026-05-04 00:00:00', '2026-05-04 00:00:00'),
                                                                                                                 (103, 30, 66, '2026-05-04 00:00:00', '2026-05-04 00:00:00'),
                                                                                                                 (104, 30, 9, '2026-05-04 00:00:00', '2026-05-04 00:00:00'),
                                                                                                                 (105, 30, 60, '2026-05-04 00:00:00', '2026-05-04 00:00:00'),
                                                                                                                 (106, 30, 67, '2026-05-04 00:00:00', '2026-05-04 00:00:00'),
                                                                                                                 (107, 31, 25, '2026-05-04 00:00:00', '2026-05-04 00:00:00'),
                                                                                                                 (108, 31, 14, '2026-05-04 00:00:00', '2026-05-04 00:00:00'),
                                                                                                                 (109, 31, 43, '2026-05-04 00:00:00', '2026-05-04 00:00:00'),
                                                                                                                 (110, 31, 68, '2026-05-04 00:00:00', '2026-05-04 00:00:00'),
                                                                                                                 (111, 31, 60, '2026-05-04 00:00:00', '2026-05-04 00:00:00'),
                                                                                                                 (112, 31, 19, '2026-05-04 00:00:00', '2026-05-04 00:00:00'),
                                                                                                                 (113, 32, 69, '2026-05-04 00:00:00', '2026-05-04 00:00:00'),
                                                                                                                 (114, 32, 19, '2026-05-04 00:00:00', '2026-05-04 00:00:00'),
                                                                                                                 (115, 32, 43, '2026-05-04 00:00:00', '2026-05-04 00:00:00'),
                                                                                                                 (116, 32, 60, '2026-05-04 00:00:00', '2026-05-04 00:00:00'),
                                                                                                                 (117, 32, 68, '2026-05-04 00:00:00', '2026-05-04 00:00:00'),
                                                                                                                 (118, 32, 56, '2026-05-04 00:00:00', '2026-05-04 00:00:00'),
                                                                                                                 (119, 33, 60, '2026-05-04 00:00:00', '2026-05-04 00:00:00'),
                                                                                                                 (120, 33, 19, '2026-05-04 00:00:00', '2026-05-04 00:00:00'),
                                                                                                                 (121, 33, 66, '2026-05-04 00:00:00', '2026-05-04 00:00:00'),
                                                                                                                 (122, 33, 70, '2026-05-04 00:00:00', '2026-05-04 00:00:00'),
                                                                                                                 (123, 34, 19, '2026-05-04 00:00:00', '2026-05-04 00:00:00'),
                                                                                                                 (124, 34, 71, '2026-05-04 00:00:00', '2026-05-04 00:00:00'),
                                                                                                                 (125, 34, 15, '2026-05-04 00:00:00', '2026-05-04 00:00:00'),
                                                                                                                 (126, 35, 72, '2026-05-04 00:00:00', '2026-05-04 00:00:00'),
                                                                                                                 (127, 35, 73, '2026-05-04 00:00:00', '2026-05-04 00:00:00'),
                                                                                                                 (128, 35, 36, '2026-05-04 00:00:00', '2026-05-04 00:00:00'),
                                                                                                                 (129, 35, 74, '2026-05-04 00:00:00', '2026-05-04 00:00:00'),
                                                                                                                 (130, 35, 75, '2026-05-04 00:00:00', '2026-05-04 00:00:00'),
                                                                                                                 (131, 35, 21, '2026-05-04 00:00:00', '2026-05-04 00:00:00'),
                                                                                                                 (132, 36, 14, '2026-05-04 00:00:00', '2026-05-04 00:00:00'),
                                                                                                                 (133, 36, 76, '2026-05-04 00:00:00', '2026-05-04 00:00:00'),
                                                                                                                 (134, 36, 77, '2026-05-04 00:00:00', '2026-05-04 00:00:00'),
                                                                                                                 (135, 36, 69, '2026-05-04 00:00:00', '2026-05-04 00:00:00'),
                                                                                                                 (136, 36, 78, '2026-05-04 00:00:00', '2026-05-04 00:00:00'),
                                                                                                                 (137, 37, 79, '2026-05-04 00:00:00', '2026-05-04 00:00:00'),
                                                                                                                 (138, 37, 3, '2026-05-04 00:00:00', '2026-05-04 00:00:00'),
                                                                                                                 (139, 37, 25, '2026-05-04 00:00:00', '2026-05-04 00:00:00'),
                                                                                                                 (140, 37, 80, '2026-05-04 00:00:00', '2026-05-04 00:00:00'),
                                                                                                                 (141, 37, 81, '2026-05-04 00:00:00', '2026-05-04 00:00:00'),
                                                                                                                 (142, 38, 82, '2026-05-04 00:00:00', '2026-05-04 00:00:00'),
                                                                                                                 (143, 38, 68, '2026-05-04 00:00:00', '2026-05-04 00:00:00'),
                                                                                                                 (144, 38, 83, '2026-05-04 00:00:00', '2026-05-04 00:00:00'),
                                                                                                                 (145, 38, 74, '2026-05-04 00:00:00', '2026-05-04 00:00:00'),
                                                                                                                 (146, 39, 84, '2026-05-04 00:00:00', '2026-05-04 00:00:00'),
                                                                                                                 (147, 39, 85, '2026-05-04 00:00:00', '2026-05-04 00:00:00'),
                                                                                                                 (148, 39, 86, '2026-05-04 00:00:00', '2026-05-04 00:00:00'),
                                                                                                                 (149, 39, 87, '2026-05-04 00:00:00', '2026-05-04 00:00:00'),
                                                                                                                 (150, 39, 67, '2026-05-04 00:00:00', '2026-05-04 00:00:00'),
                                                                                                                 (151, 39, 88, '2026-05-04 00:00:00', '2026-05-04 00:00:00'),
                                                                                                                 (152, 40, 89, '2026-05-04 00:00:00', '2026-05-04 00:00:00'),
                                                                                                                 (153, 40, 90, '2026-05-04 00:00:00', '2026-05-04 00:00:00'),
                                                                                                                 (154, 40, 37, '2026-05-04 00:00:00', '2026-05-04 00:00:00'),
                                                                                                                 (155, 40, 91, '2026-05-04 00:00:00', '2026-05-04 00:00:00'),
                                                                                                                 (156, 40, 17, '2026-05-04 00:00:00', '2026-05-04 00:00:00'),
                                                                                                                 (157, 40, 31, '2026-05-04 00:00:00', '2026-05-04 00:00:00'),
                                                                                                                 (158, 40, 92, '2026-05-04 00:00:00', '2026-05-04 00:00:00'),
                                                                                                                 (159, 40, 93, '2026-05-04 00:00:00', '2026-05-04 00:00:00'),
                                                                                                                 (160, 40, 94, '2026-05-04 00:00:00', '2026-05-04 00:00:00'),
                                                                                                                 (161, 41, 19, '2026-05-04 00:00:00', '2026-05-04 00:00:00'),
                                                                                                                 (162, 41, 22, '2026-05-04 00:00:00', '2026-05-04 00:00:00'),
                                                                                                                 (163, 41, 21, '2026-05-04 00:00:00', '2026-05-04 00:00:00'),
                                                                                                                 (164, 41, 17, '2026-05-04 00:00:00', '2026-05-04 00:00:00'),
                                                                                                                 (165, 42, 35, '2026-05-04 00:00:00', '2026-05-04 00:00:00'),
                                                                                                                 (166, 42, 87, '2026-05-04 00:00:00', '2026-05-04 00:00:00'),
                                                                                                                 (167, 42, 93, '2026-05-04 00:00:00', '2026-05-04 00:00:00'),
                                                                                                                 (168, 42, 40, '2026-05-04 00:00:00', '2026-05-04 00:00:00'),
                                                                                                                 (169, 43, 9, '2026-05-04 00:00:00', '2026-05-04 00:00:00'),
                                                                                                                 (170, 43, 60, '2026-05-04 00:00:00', '2026-05-04 00:00:00'),
                                                                                                                 (171, 43, 19, '2026-05-04 00:00:00', '2026-05-04 00:00:00'),
                                                                                                                 (172, 43, 95, '2026-05-04 00:00:00', '2026-05-04 00:00:00'),
                                                                                                                 (173, 43, 17, '2026-05-04 00:00:00', '2026-05-04 00:00:00'),
                                                                                                                 (174, 44, 11, '2026-05-04 00:00:00', '2026-05-04 00:00:00'),
                                                                                                                 (175, 44, 96, '2026-05-04 00:00:00', '2026-05-04 00:00:00'),
                                                                                                                 (176, 44, 9, '2026-05-04 00:00:00', '2026-05-04 00:00:00'),
                                                                                                                 (177, 44, 48, '2026-05-04 00:00:00', '2026-05-04 00:00:00'),
                                                                                                                 (178, 44, 22, '2026-05-04 00:00:00', '2026-05-04 00:00:00'),
                                                                                                                 (179, 45, 19, '2026-05-04 00:00:00', '2026-05-04 00:00:00'),
                                                                                                                 (180, 45, 22, '2026-05-04 00:00:00', '2026-05-04 00:00:00'),
                                                                                                                 (181, 45, 95, '2026-05-04 00:00:00', '2026-05-04 00:00:00'),
                                                                                                                 (182, 45, 21, '2026-05-04 00:00:00', '2026-05-04 00:00:00'),
                                                                                                                 (183, 46, 40, '2026-05-04 00:00:00', '2026-05-04 00:00:00'),
                                                                                                                 (184, 46, 97, '2026-05-04 00:00:00', '2026-05-04 00:00:00'),
                                                                                                                 (185, 46, 74, '2026-05-04 00:00:00', '2026-05-04 00:00:00'),
                                                                                                                 (186, 46, 31, '2026-05-04 00:00:00', '2026-05-04 00:00:00'),
                                                                                                                 (187, 47, 98, '2026-05-04 00:00:00', '2026-05-04 00:00:00'),
                                                                                                                 (188, 47, 15, '2026-05-04 00:00:00', '2026-05-04 00:00:00'),
                                                                                                                 (189, 47, 70, '2026-05-04 00:00:00', '2026-05-04 00:00:00'),
                                                                                                                 (190, 47, 19, '2026-05-04 00:00:00', '2026-05-04 00:00:00'),
                                                                                                                 (191, 47, 99, '2026-05-04 00:00:00', '2026-05-04 00:00:00'),
                                                                                                                 (192, 48, 100, '2026-05-04 00:00:00', '2026-05-04 00:00:00'),
                                                                                                                 (193, 48, 56, '2026-05-04 00:00:00', '2026-05-04 00:00:00'),
                                                                                                                 (194, 48, 6, '2026-05-04 00:00:00', '2026-05-04 00:00:00'),
                                                                                                                 (195, 48, 65, '2026-05-04 00:00:00', '2026-05-04 00:00:00'),
                                                                                                                 (196, 48, 101, '2026-05-04 00:00:00', '2026-05-04 00:00:00'),
                                                                                                                 (197, 48, 87, '2026-05-04 00:00:00', '2026-05-04 00:00:00'),
                                                                                                                 (198, 48, 64, '2026-05-04 00:00:00', '2026-05-04 00:00:00'),
                                                                                                                 (199, 49, 96, '2026-05-04 00:00:00', '2026-05-04 00:00:00'),
                                                                                                                 (200, 49, 66, '2026-05-04 00:00:00', '2026-05-04 00:00:00'),
                                                                                                                 (201, 49, 60, '2026-05-04 00:00:00', '2026-05-04 00:00:00'),
                                                                                                                 (202, 49, 9, '2026-05-04 00:00:00', '2026-05-04 00:00:00'),
                                                                                                                 (203, 49, 91, '2026-05-04 00:00:00', '2026-05-04 00:00:00'),
                                                                                                                 (204, 49, 102, '2026-05-04 00:00:00', '2026-05-04 00:00:00'),
                                                                                                                 (205, 49, 11, '2026-05-04 00:00:00', '2026-05-04 00:00:00'),
                                                                                                                 (206, 49, 103, '2026-05-04 00:00:00', '2026-05-04 00:00:00'),
                                                                                                                 (207, 50, 15, '2026-05-04 00:00:00', '2026-05-04 00:00:00'),
                                                                                                                 (208, 50, 104, '2026-05-04 00:00:00', '2026-05-04 00:00:00'),
                                                                                                                 (209, 50, 95, '2026-05-04 00:00:00', '2026-05-04 00:00:00'),
                                                                                                                 (210, 50, 105, '2026-05-04 00:00:00', '2026-05-04 00:00:00'),
                                                                                                                 (211, 50, 99, '2026-05-04 00:00:00', '2026-05-04 00:00:00'),
                                                                                                                 (212, 51, 98, '2026-05-04 00:00:00', '2026-05-04 00:00:00'),
                                                                                                                 (213, 51, 21, '2026-05-04 00:00:00', '2026-05-04 00:00:00'),
                                                                                                                 (214, 51, 97, '2026-05-04 00:00:00', '2026-05-04 00:00:00'),
                                                                                                                 (215, 51, 106, '2026-05-04 00:00:00', '2026-05-04 00:00:00'),
                                                                                                                 (216, 52, 21, '2026-05-04 00:00:00', '2026-05-04 00:00:00'),
                                                                                                                 (217, 52, 70, '2026-05-04 00:00:00', '2026-05-04 00:00:00'),
                                                                                                                 (218, 52, 16, '2026-05-04 00:00:00', '2026-05-04 00:00:00'),
                                                                                                                 (219, 52, 17, '2026-05-04 00:00:00', '2026-05-04 00:00:00'),
                                                                                                                 (220, 52, 85, '2026-05-04 00:00:00', '2026-05-04 00:00:00'),
                                                                                                                 (221, 52, 107, '2026-05-04 00:00:00', '2026-05-04 00:00:00'),
                                                                                                                 (222, 53, 108, '2026-05-04 00:00:00', '2026-05-04 00:00:00'),
                                                                                                                 (223, 53, 72, '2026-05-04 00:00:00', '2026-05-04 00:00:00'),
                                                                                                                 (224, 53, 109, '2026-05-04 00:00:00', '2026-05-04 00:00:00'),
                                                                                                                 (225, 53, 21, '2026-05-04 00:00:00', '2026-05-04 00:00:00'),
                                                                                                                 (226, 53, 97, '2026-05-04 00:00:00', '2026-05-04 00:00:00'),
                                                                                                                 (227, 54, 110, '2026-05-04 00:00:00', '2026-05-04 00:00:00'),
                                                                                                                 (228, 54, 104, '2026-05-04 00:00:00', '2026-05-04 00:00:00'),
                                                                                                                 (229, 54, 105, '2026-05-04 00:00:00', '2026-05-04 00:00:00')
    AS new_row
ON DUPLICATE KEY UPDATE product_id=new_row.product_id, flavor_note_id=new_row.flavor_note_id, updated_at=new_row.updated_at;



-- =========================================================
-- Lesson mock data seed
-- 현재 DB 구조 기준: users, career, lessons, lesson_curriculum, lesson_images, lesson_schedules
-- 프론트 표시는 enum 값을 매핑해서 처리하세요.
-- lesson_category: HOBBY -> 취미, CERTIFICATE -> 자격증
-- region: SEOUL -> 서울, GYEONGGI -> 경기 등
-- =========================================================

INSERT INTO users (user_id, email, provider, provider_id, nickname, profile_image_url, role, created_at, updated_at) VALUES
    (1, 'host.v60@baristation.local', 'GOOGLE', 'mock-host-v60', '브루잉 가이드 민준', '/users/1/profile/basic_profile.png', 'HOST', '2026-05-19 00:00:00', '2026-05-19 00:00:00'),
    (2, 'host.roast@baristation.local', 'KAKAO', 'mock-host-roast', '로스팅 큐레이터 서연', '/users/1/profile/basic_profile.png', 'HOST', '2026-05-19 00:00:00', '2026-05-19 00:00:00'),
    (3, 'host.sca@baristation.local', 'NAVER', 'mock-host-sca', '자격증 코치 현우', '/users/1/profile/basic_profile.png', 'HOST', '2026-05-19 00:00:00', '2026-05-19 00:00:00'),
    (4, 'host.homecafe@baristation.local', 'GOOGLE', 'mock-host-homecafe', '홈카페 멘토 다은', '/users/1/profile/basic_profile.png', 'HOST', '2026-05-19 00:00:00', '2026-05-19 00:00:00')
AS new_row
ON DUPLICATE KEY UPDATE
    email = new_row.email,
    provider = new_row.provider,
    provider_id = new_row.provider_id,
    nickname = new_row.nickname,
    profile_image_url = new_row.profile_image_url,
    role = new_row.role,
    updated_at = new_row.updated_at;

INSERT INTO career (career_id, user_id, title, created_at, updated_at) VALUES
    (1, 1, '핸드드립 브루잉 클래스 300회 이상 진행', '2026-05-19 00:00:00', '2026-05-19 00:00:00'),
    (2, 1, 'V60, 칼리타, 오리가미 추출 레시피 설계 경험', '2026-05-19 00:00:00', '2026-05-19 00:00:00'),
    (3, 2, '스페셜티 커피 로스터리 커핑 세션 운영', '2026-05-19 00:00:00', '2026-05-19 00:00:00'),
    (4, 2, '싱글오리진 향미 분석과 원두 추천 컨설팅', '2026-05-19 00:00:00', '2026-05-19 00:00:00'),
    (5, 3, '바리스타 자격증 실기 대비반 운영', '2026-05-19 00:00:00', '2026-05-19 00:00:00'),
    (6, 3, '추출 변수, 분쇄도, 물온도 교육 커리큘럼 설계', '2026-05-19 00:00:00', '2026-05-19 00:00:00'),
    (7, 4, '초보자 홈카페 입문 클래스 운영', '2026-05-19 00:00:00', '2026-05-19 00:00:00'),
    (8, 4, '가정용 장비 기반 레시피 튜닝 경험', '2026-05-19 00:00:00', '2026-05-19 00:00:00')
AS new_row
ON DUPLICATE KEY UPDATE
    user_id = new_row.user_id,
    title = new_row.title,
    updated_at = new_row.updated_at;

INSERT INTO lessons (
    lesson_id, host_user_id, title, subtitle, lesson_category, difficulty_level,
    region, city, place, address, latitude, longitude, created_at, updated_at
) VALUES
    (1, 1, 'V60 핸드드립 입문 클래스', '처음 시작하는 사람도 따라오는 기본 추출 수업', 'HOBBY', 'BEGINNER', 'SEOUL', '마포구', '바리스테이션 브루잉룸 홍대', '서울특별시 마포구 와우산로 94', 37.5559450, 126.9235700, '2026-05-19 00:00:00', '2026-05-19 00:00:00'),
    (2, 1, '칼리타 웨이브 밸런스 추출 클래스', '단맛과 바디를 안정적으로 살리는 드립 레시피', 'HOBBY', 'INTERMEDIATE', 'SEOUL', '성동구', '서울숲 커피랩', '서울특별시 성동구 서울숲2길 32', 37.5467280, 127.0432580, '2026-05-19 00:00:00', '2026-05-19 00:00:00'),
    (3, 2, '원두 향미 읽기 커핑 클래스', '과일향, 초콜릿, 견과류 노트를 구분하는 감각 훈련', 'HOBBY', 'BEGINNER', 'GYEONGGI', '성남시', '분당 커핑 스튜디오', '경기도 성남시 분당구 정자일로 120', 37.3671610, 127.1081110, '2026-05-19 00:00:00', '2026-05-19 00:00:00'),
    (4, 2, '싱글오리진 원두 선택 워크숍', '산지, 가공, 로스팅 레벨로 취향 원두를 찾는 수업', 'HOBBY', 'INTERMEDIATE', 'INCHEON', '연수구', '송도 로스터스룸', '인천광역시 연수구 컨벤시아대로 160', 37.3949260, 126.6471970, '2026-05-19 00:00:00', '2026-05-19 00:00:00'),
    (5, 3, '바리스타 자격증 실기 기본반', '자격증 실기 흐름과 감점 포인트를 잡는 준비반', 'CERTIFICATE', 'BEGINNER', 'BUSAN', '부산진구', '서면 커피 아카데미', '부산광역시 부산진구 중앙대로 672', 35.1577940, 129.0592840, '2026-05-19 00:00:00', '2026-05-19 00:00:00'),
    (6, 3, '바리스타 자격증 실기 집중반', '시험 루틴 반복 훈련과 시간 관리 중심의 집중 수업', 'CERTIFICATE', 'INTERMEDIATE', 'DAEGU', '중구', '대구 브루잉 아카데미', '대구광역시 중구 동성로 25', 35.8695320, 128.5971020, '2026-05-19 00:00:00', '2026-05-19 00:00:00'),
    (7, 4, '집에서 즐기는 홈카페 레시피 클래스', '가정용 그라인더와 드리퍼로 맛을 안정화하는 수업', 'HOBBY', 'BEGINNER', 'DAEJEON', '서구', '둔산 홈카페 스튜디오', '대전광역시 서구 둔산로 100', 36.3504120, 127.3845480, '2026-05-19 00:00:00', '2026-05-19 00:00:00'),
    (8, 4, '추출 변수 튜닝 마스터 클래스', '분쇄도, 물온도, 비율을 조정해 원하는 맛을 만드는 고급 수업', 'HOBBY', 'ADVANCED', 'GWANGJU', '동구', '광주 커피 테이스팅룸', '광주광역시 동구 중앙로 196', 35.1498740, 126.9231120, '2026-05-19 00:00:00', '2026-05-19 00:00:00')
AS new_row
ON DUPLICATE KEY UPDATE
    host_user_id = new_row.host_user_id,
    title = new_row.title,
    subtitle = new_row.subtitle,
    lesson_category = new_row.lesson_category,
    difficulty_level = new_row.difficulty_level,
    region = new_row.region,
    city = new_row.city,
    place = new_row.place,
    address = new_row.address,
    latitude = new_row.latitude,
    longitude = new_row.longitude,
    updated_at = new_row.updated_at;

INSERT INTO lesson_curriculum (lesson_curriculum_id, lesson_id, title, summary, sort_order) VALUES
    (1, 1, '핸드드립 기본 이해', '드리퍼, 필터, 서버, 저울 사용법과 추출 흐름을 익힙니다.', 1),
    (2, 1, 'V60 기본 레시피 실습', '15g 원두와 240g 물 기준으로 블룸과 분할 주입을 실습합니다.', 2),
    (3, 1, '맛 피드백과 조정법', '쓴맛, 산미, 밍밍함이 나타날 때 조정 방향을 정리합니다.', 3),
    (4, 2, '칼리타 구조 이해', '평평한 바닥 구조가 추출 안정성에 주는 영향을 배웁니다.', 1),
    (5, 2, '단맛 중심 레시피 실습', '물줄기, 분쇄도, 총 추출 시간을 맞춰 밸런스를 잡습니다.', 2),
    (6, 2, '재현 가능한 기록법', '레시피를 기록하고 다음 추출에서 수정하는 방법을 익힙니다.', 3),
    (7, 3, '커핑 세팅과 평가 기준', '향, 산미, 단맛, 바디, 후미를 같은 기준으로 평가합니다.', 1),
    (8, 3, '향미 노트 구분 훈련', '과일, 플로럴, 초콜릿, 견과류 계열 노트를 비교합니다.', 2),
    (9, 3, '취향 프로필 정리', '좋아하는 노트와 피해야 할 노트를 정리합니다.', 3),
    (10, 4, '산지와 가공 방식 이해', '워시드, 내추럴, 허니, 무산소 발효의 차이를 배웁니다.', 1),
    (11, 4, '로스팅 레벨 비교', '라이트, 미디엄, 다크 로스팅의 향미 차이를 비교합니다.', 2),
    (12, 4, '나에게 맞는 원두 고르기', '취향 설문 기준으로 구매 후보를 좁히는 방법을 실습합니다.', 3),
    (13, 5, '실기 시험 흐름 파악', '준비, 추출, 정리까지 시험 루틴을 단계별로 익힙니다.', 1),
    (14, 5, '기본 동작 반복 실습', '시간 안에 안정적으로 수행하는 손동작을 연습합니다.', 2),
    (15, 5, '감점 요소 점검', '위생, 순서, 시간 관리에서 자주 발생하는 실수를 확인합니다.', 3),
    (16, 6, '시험 루틴 압축 훈련', '제한 시간 안에 일관된 결과를 내는 루틴을 만듭니다.', 1),
    (17, 6, '모의 실기 테스트', '실제 시험처럼 전체 과정을 반복하고 피드백을 받습니다.', 2),
    (18, 6, '개인 약점 보완', '개인별로 부족한 동작과 시간 관리 포인트를 교정합니다.', 3),
    (19, 7, '홈카페 장비 세팅', '집에서 쓰기 좋은 기본 장비와 관리법을 익힙니다.', 1),
    (20, 7, '데일리 레시피 만들기', '매일 재현 가능한 간단한 핸드드립 레시피를 실습합니다.', 2),
    (21, 7, '원두 보관과 분쇄 관리', '맛을 오래 유지하는 보관법과 분쇄도 관리법을 배웁니다.', 3),
    (22, 8, '추출 변수 구조화', '분쇄도, 온도, 비율, 시간의 상관관계를 정리합니다.', 1),
    (23, 8, '목표 맛별 레시피 튜닝', '과일향 강조와 바디 강조 레시피를 비교 실습합니다.', 2),
    (24, 8, '개인 레시피 설계', '본인 취향에 맞는 최종 레시피를 설계하고 기록합니다.', 3)
AS new_row
ON DUPLICATE KEY UPDATE
    lesson_id = new_row.lesson_id,
    title = new_row.title,
    summary = new_row.summary,
    sort_order = new_row.sort_order;

INSERT INTO lesson_images (lesson_image_id, lesson_id, image_url, image_type, sort_order, created_at, updated_at) VALUES
    (1, 1, '/lessons/1/thumb/thumb.png', 'THUMB', 1, '2026-05-19 00:00:00', '2026-05-19 00:00:00'),
    (2, 1, '/lessons/1/sub/sub.png', 'SUB', 2, '2026-05-19 00:00:00', '2026-05-19 00:00:00'),
    (3, 2, '/lessons/2/thumb/thumb.png', 'THUMB', 1, '2026-05-19 00:00:00', '2026-05-19 00:00:00'),
    (4, 2, '/lessons/2/sub/sub.png', 'SUB', 2, '2026-05-19 00:00:00', '2026-05-19 00:00:00'),
    (5, 3, '/lessons/3/thumb/thumb.png', 'THUMB', 1, '2026-05-19 00:00:00', '2026-05-19 00:00:00'),
    (6, 3, '/lessons/3/sub/sub.png', 'SUB', 2, '2026-05-19 00:00:00', '2026-05-19 00:00:00'),
    (7, 4, '/lessons/4/thumb/thumb.png', 'THUMB', 1, '2026-05-19 00:00:00', '2026-05-19 00:00:00'),
    (8, 4, '/lessons/4/sub/sub.png', 'SUB', 2, '2026-05-19 00:00:00', '2026-05-19 00:00:00'),
    (9, 5, '/lessons/5/thumb/thumb.png', 'THUMB', 1, '2026-05-19 00:00:00', '2026-05-19 00:00:00'),
    (10, 5, '/lessons/5/sub/sub.png', 'SUB', 2, '2026-05-19 00:00:00', '2026-05-19 00:00:00'),
    (11, 6, '/lessons/6/thumb/thumb.png', 'THUMB', 1, '2026-05-19 00:00:00', '2026-05-19 00:00:00'),
    (12, 6, '/lessons/6/sub/sub.png', 'SUB', 2, '2026-05-19 00:00:00', '2026-05-19 00:00:00'),
    (13, 7, '/lessons/7/thumb/thumb.png', 'THUMB', 1, '2026-05-19 00:00:00', '2026-05-19 00:00:00'),
    (14, 7, '/lessons/7/sub/sub.png', 'SUB', 2, '2026-05-19 00:00:00', '2026-05-19 00:00:00'),
    (15, 8, '/lessons/8/thumb/thumb.png', 'THUMB', 1, '2026-05-19 00:00:00', '2026-05-19 00:00:00'),
    (16, 8, '/lessons/8/sub/sub.png', 'SUB', 2, '2026-05-19 00:00:00', '2026-05-19 00:00:00')
AS new_row
ON DUPLICATE KEY UPDATE
    lesson_id = new_row.lesson_id,
    image_url = new_row.image_url,
    image_type = new_row.image_type,
    sort_order = new_row.sort_order,
    updated_at = new_row.updated_at;

INSERT INTO lesson_schedules (
    lesson_schedule_id, lesson_id, lesson_date, start_time, price, duration,
    reserved_count, schedule_status, created_at, updated_at
) VALUES
    (1, 1, '2026-05-25', '10:00:00', 45000, 120, 2, 'OPEN', '2026-05-19 00:00:00', '2026-05-19 00:00:00'),
    (2, 1, '2026-05-28', '19:00:00', 45000, 120, 0, 'OPEN', '2026-05-19 00:00:00', '2026-05-19 00:00:00'),
    (3, 1, '2026-06-01', '14:00:00', 45000, 120, 4, 'CLOSED', '2026-05-19 00:00:00', '2026-05-19 00:00:00'),
    (4, 2, '2026-05-26', '14:00:00', 58000, 150, 1, 'OPEN', '2026-05-19 00:00:00', '2026-05-19 00:00:00'),
    (5, 2, '2026-05-30', '11:00:00', 58000, 150, 3, 'OPEN', '2026-05-19 00:00:00', '2026-05-19 00:00:00'),
    (6, 2, '2026-06-04', '19:30:00', 58000, 150, 0, 'OPEN', '2026-05-19 00:00:00', '2026-05-19 00:00:00'),
    (7, 3, '2026-05-27', '13:00:00', 39000, 120, 5, 'OPEN', '2026-05-19 00:00:00', '2026-05-19 00:00:00'),
    (8, 3, '2026-05-31', '16:00:00', 39000, 120, 2, 'OPEN', '2026-05-19 00:00:00', '2026-05-19 00:00:00'),
    (9, 3, '2026-06-06', '10:30:00', 39000, 120, 0, 'OPEN', '2026-05-19 00:00:00', '2026-05-19 00:00:00'),
    (10, 4, '2026-05-29', '18:30:00', 52000, 150, 1, 'OPEN', '2026-05-19 00:00:00', '2026-05-19 00:00:00'),
    (11, 4, '2026-06-03', '14:00:00', 52000, 150, 2, 'OPEN', '2026-05-19 00:00:00', '2026-05-19 00:00:00'),
    (12, 4, '2026-06-07', '11:00:00', 52000, 150, 4, 'CLOSED', '2026-05-19 00:00:00', '2026-05-19 00:00:00'),
    (13, 5, '2026-05-30', '09:30:00', 85000, 180, 2, 'OPEN', '2026-05-19 00:00:00', '2026-05-19 00:00:00'),
    (14, 5, '2026-06-06', '09:30:00', 85000, 180, 1, 'OPEN', '2026-05-19 00:00:00', '2026-05-19 00:00:00'),
    (15, 5, '2026-06-13', '09:30:00', 85000, 180, 0, 'OPEN', '2026-05-19 00:00:00', '2026-05-19 00:00:00'),
    (16, 6, '2026-05-31', '10:00:00', 120000, 240, 2, 'OPEN', '2026-05-19 00:00:00', '2026-05-19 00:00:00'),
    (17, 6, '2026-06-07', '10:00:00', 120000, 240, 3, 'OPEN', '2026-05-19 00:00:00', '2026-05-19 00:00:00'),
    (18, 6, '2026-06-14', '10:00:00', 120000, 240, 0, 'OPEN', '2026-05-19 00:00:00', '2026-05-19 00:00:00'),
    (19, 7, '2026-05-26', '19:00:00', 42000, 120, 1, 'OPEN', '2026-05-19 00:00:00', '2026-05-19 00:00:00'),
    (20, 7, '2026-06-02', '19:00:00', 42000, 120, 0, 'OPEN', '2026-05-19 00:00:00', '2026-05-19 00:00:00'),
    (21, 7, '2026-06-09', '19:00:00', 42000, 120, 2, 'OPEN', '2026-05-19 00:00:00', '2026-05-19 00:00:00'),
    (22, 8, '2026-05-29', '15:00:00', 76000, 180, 2, 'OPEN', '2026-05-19 00:00:00', '2026-05-19 00:00:00'),
    (23, 8, '2026-06-05', '15:00:00', 76000, 180, 1, 'OPEN', '2026-05-19 00:00:00', '2026-05-19 00:00:00'),
    (24, 8, '2026-06-12', '15:00:00', 76000, 180, 0, 'OPEN', '2026-05-19 00:00:00', '2026-05-19 00:00:00')
AS new_row
ON DUPLICATE KEY UPDATE
    lesson_id = new_row.lesson_id,
    lesson_date = new_row.lesson_date,
    start_time = new_row.start_time,
    price = new_row.price,
    duration = new_row.duration,
    reserved_count = new_row.reserved_count,
    schedule_status = new_row.schedule_status,
    updated_at = new_row.updated_at;

COMMIT;
