-- Bean catalog seed generated from /mnt/data/bean_data.csv
-- 기준: product는 전체 54개 저장, 싱글 오리진은 실제 bean으로 저장, 블렌드는 사용자 확인에 따라 bean.region='blend'로 저장, 콜롬비아 엘 파라이소 리치피치는 동일 lot으로 병합
-- 사용자 확인 반영: 8개 싱글 오리진/동일 lot 확정 항목과 19개 블렌드 region=blend 처리 반영
SET NAMES utf8mb4;
START TRANSACTION;

INSERT INTO roasters (roaster_id, name_ko, name_en, homepage_url, description, created_at, updated_at) VALUES
                                                                                                           (1, 'Manuals', 'Manuals', 'https://manualscoffee.com', 'Manuals roaster imported from seed csv', '2026-05-04 00:00:00', '2026-05-04 00:00:00'),
                                                                                                           (2, 'MOMOS', 'MOMOS', 'https://momos.co.kr', 'MOMOS roaster imported from seed csv', '2026-05-04 00:00:00', '2026-05-04 00:00:00'),
                                                                                                           (3, 'Connects', 'Connects', 'https://smartstore.naver.com', 'Connects roaster imported from seed csv', '2026-05-04 00:00:00', '2026-05-04 00:00:00')
    AS new_row
ON DUPLICATE KEY UPDATE name_ko=new_row.name_ko, name_en=new_row.name_en, homepage_url=new_row.homepage_url, description=new_row.description, updated_at=new_row.updated_at;
INSERT INTO product (product_id, roaster_id, name_ko, name_en, roasting_level, agtron_min, agtron_max, acidity, sweetness, body, balance, description, product_url, created_at, updated_at) VALUES
                                                                                                                                                                                                (1, 1, '콜롬비아 포토시 트레스 드래곤즈 콜롬비아 내추럴', 'Colombia Potosi Tres Dragones Colombia Natural', NULL, 90, 90, 6, 10, 1, 1, '체리, 포도, 와인, 꿀', 'https://manualscoffee.com/product/tresdragon', '2026-05-04 00:00:00', '2026-05-04 00:00:00'),
                                                                                                                                                                                                (2, 1, '리뉴얼 블렌드 ''휴''', 'Renewal Blend ''Hue''', NULL, NULL, NULL, 6, 9, 1, 9, '망고, 라벤더, 오렌지주스', 'https://manualscoffee.com/product/hue', '2026-05-04 00:00:00', '2026-05-04 00:00:00'),
                                                                                                                                                                                                (3, 1, '에티오피아 니구세 두완초 내추럴', 'Ethiopia Niguse Duwancho Natural', NULL, 90, 90, 8, 9, 1, 6, '딸기잼, 복숭아, 블루베리, 망고', 'https://manualscoffee.com/product/duwancho', '2026-05-04 00:00:00', '2026-05-04 00:00:00'),
                                                                                                                                                                                                (4, 1, '콜롬비아 엘 파라이소 리치 피치 더블 무산소 발효', 'Colombia El Paraiso Double Anaerobic Fermentation - Lychee Peach', NULL, 90, 90, 8, 9, 1, 6, '리치, 복숭아, 요거트', 'https://manualscoffee.com/product/lcpc', '2026-05-04 00:00:00', '2026-05-04 00:00:00'),
                                                                                                                                                                                                (5, 1, '콜롬비아 라스 플로레스 오팔 게이샤 언에어로빅 워시드', 'Colombia Las Flores Opal Geisha Anaerobic Washed', NULL, 90, 90, 6, 9, 1, 5, '라벤더, 레몬제스트, 자스민', 'https://manualscoffee.com/product/silencio', '2026-05-04 00:00:00', '2026-05-04 00:00:00'),
                                                                                                                                                                                                (6, 1, '블렌드 루트 블랙', 'Blend Root Black', NULL, NULL, NULL, 3, 8, 6, 8, '다크초콜릿, 카카오, 캐러맬, 바나나', 'https://manualscoffee.com/product/black', '2026-05-04 00:00:00', '2026-05-04 00:00:00'),
                                                                                                                                                                                                (7, 1, '블렌드 캔디 그린', 'Blend Candy Green', NULL, NULL, NULL, 7, 7, 2, 8, '오렌지, 비정제 설탕, 자스민', 'https://manualscoffee.com/product/green', '2026-05-04 00:00:00', '2026-05-04 00:00:00'),
                                                                                                                                                                                                (8, 1, '블렌드 애플 레드', 'Blend Apple Red', NULL, NULL, NULL, 3, 8, 3, 8, '비정제 설탕, 밀크초콜릿, 사과', 'https://manualscoffee.com/product/red', '2026-05-04 00:00:00', '2026-05-04 00:00:00'),
                                                                                                                                                                                                (9, 1, '브라질 세하도 NY2 내추럴', 'Brazil Cerrado NY2 Natural', NULL, 50, 50, 1, 8, 5, 8, '다크초콜릿, 아몬드, 캐러멜', 'https://manualscoffee.com/product/bsc', '2026-05-04 00:00:00', '2026-05-04 00:00:00'),
                                                                                                                                                                                                (10, 1, '에티오피아 예가체프 G2', 'Ethiopia Yirgacheffe G2', NULL, 60, 60, 7, 2, 2, 3, '오렌지, 고구마, 플로럴', 'https://manualscoffee.com/product/eygc', '2026-05-04 00:00:00', '2026-05-04 00:00:00'),
                                                                                                                                                                                                (11, 1, '콜롬비아 슈가케인 디카페인', 'Colombia Sugarcane Decaffeinated', NULL, 45, 45, 2, 5, 5, 8, '피스타치오, 보리, 곡물, 카라멜', 'https://manualscoffee.com/product/coldecaf', '2026-05-04 00:00:00', '2026-05-04 00:00:00'),
                                                                                                                                                                                                (12, 1, '콜롬비아 후일라 수프리모', 'Colombia Huila Supremo', NULL, 55, 55, 3, 3, 3, 8, '오렌지, 꿀, 비정제 설탕', 'https://manualscoffee.com/product/csh', '2026-05-04 00:00:00', '2026-05-04 00:00:00'),
                                                                                                                                                                                                (13, 1, '인도네시아 만델링 G1 TP', 'Indonesia Mandheling G1 TP', NULL, 45, 45, 2, 9, 8, 5, '모카번, 어스, 다크 초코', 'https://manualscoffee.com/product/imgt', '2026-05-04 00:00:00', '2026-05-04 00:00:00'),
                                                                                                                                                                                                (14, 2, '에스쇼콜라', 'Es Chocolat', 'MEDIUMDARK', 57, 59, 2, NULL, 8, NULL, '초콜릿, 프랄린 피칸, 크리미', 'https://momos.co.kr/product/%EC%9B%90%EB%91%90-%EC%97%90%EC%8A%A4%EC%87%BC%EC%BD%9C%EB%9D%BC/82/category/56/display/1/', '2026-05-04 00:00:00', '2026-05-04 00:00:00'),
                                                                                                                                                                                                (15, 2, '프루티봉봉', 'Fruity Bonbon', 'MEDIUMLIGHT', 93, 95, NULL, NULL, NULL, NULL, '핵과류, 시트러스, 허니, 쥬시', 'https://momos.co.kr/product/%EC%9B%90%EB%91%90-%ED%94%84%EB%A3%A8%ED%8B%B0%EB%B4%89%EB%B4%89/83/category/56/display/1/', '2026-05-04 00:00:00', '2026-05-04 00:00:00'),
                                                                                                                                                                                                (16, 2, '부산', 'Busan', 'MEDIUM', 72, 74, 5, NULL, 8, NULL, '로스티드 넛, 카라멜, 건과일, 웰밸런스', 'https://momos.co.kr/product/%EC%9B%90%EB%91%90-%EB%B6%80%EC%82%B0/737/category/56/display/1/', '2026-05-04 00:00:00', '2026-05-04 00:00:00'),
                                                                                                                                                                                                (17, 2, '므쵸베리', 'Mucho Berry', 'MEDIUMLIGHT', 90, 92, 6, NULL, 6, NULL, '믹스베리, 체리, 메이플 시럽, 쥬시', 'https://momos.co.kr/product/%EC%9B%90%EB%91%90-%EB%AF%80%EC%B5%B8%EB%B2%A0%EB%A6%AC/1417/category/56/display/1/', '2026-05-04 00:00:00', '2026-05-04 00:00:00'),
                                                                                                                                                                                                (18, 2, '콜롬비아 아폰테 디카페인', 'Colombia Aponte DECAF', 'MEDIUMDARK', 60, 62, 4, NULL, 7, NULL, '초콜릿의 풍미와 캐러멜 퍼지의 단맛, 구운 아몬드의 고소함과 크리미한 질감', 'https://momos.co.kr/product/%EC%9B%90%EB%91%90-%EC%BD%9C%EB%A1%AC%EB%B9%84%EC%95%84-%EC%95%84%ED%8F%B0%ED%85%8C-%EB%94%94%EC%B9%B4%ED%8E%98%EC%9D%B8/2381/category/238/display/1/', '2026-05-04 00:00:00', '2026-05-04 00:00:00'),
                                                                                                                                                                                                (19, 2, '엘살바도르 COE 로스 나랑호스 게이샤 H', 'El Salvador COE Los Naranjos Geisha H', 'LIGHT', 96, 98, 3, NULL, 3, NULL, '오렌지꽃, 오렌지, 아카시아꿀, 실키', 'https://momos.co.kr/product/%EC%9B%90%EB%91%90-%EC%97%98%EC%82%B4%EB%B0%94%EB%8F%84%EB%A5%B4-coe-%EB%A1%9C%EC%8A%A4-%EB%82%98%EB%9E%91%ED%98%B8%EC%8A%A4-%EA%B2%8C%EC%9D%B4%EC%83%A4-h/2742/category/56/display/1/', '2026-05-04 00:00:00', '2026-05-04 00:00:00'),
                                                                                                                                                                                                (20, 2, '에티오피아 게샤 빌리지 수마 게샤 1931 내추럴 Lot 53', 'Ethiopia Gesha Village Surma Gesha 1931 Natural Lot 53', 'LIGHT', 96, 98, 5, NULL, 4, NULL, '백도, 귤, 백차, 케인슈가, 은은한', 'https://momos.co.kr/product/%EC%9B%90%EB%91%90-%EC%97%90%ED%8B%B0%EC%98%A4%ED%94%BC%EC%95%84-%EA%B2%8C%EC%83%A4-%EB%B9%8C%EB%A6%AC%EC%A7%80-%EC%88%98%EB%A7%88-%EA%B2%8C%EC%83%A4-1931-%EB%82%B4%EC%B6%94%EB%9F%B4-lot-53/2704/category/56/display/1/', '2026-05-04 00:00:00', '2026-05-04 00:00:00'),
                                                                                                                                                                                                (21, 2, '콜롬비아 라 구아두아 게이샤 워시드 Lot 파나마', 'Colombia La Guadua Geisha Washed Lot Panamaya', 'MEDIUMLIGHT', 93, 95, 3, NULL, 2, NULL, '캐모마일, 핵과류, 배', 'https://momos.co.kr/product/%EC%9B%90%EB%91%90-%EC%BD%9C%EB%A1%AC%EB%B9%84%EC%95%84-%EB%9D%BC-%EA%B5%AC%EC%95%84%EB%91%90%EC%95%84-%EA%B2%8C%EC%9D%B4%EC%83%A4-%EC%9B%8C%EC%8B%9C%EB%93%9C-lot-%ED%8C%8C%EB%82%98%EB%A7%88/2743/category/56/display/1/', '2026-05-04 00:00:00', '2026-05-04 00:00:00'),
                                                                                                                                                                                                (22, 2, '시즈널 블렌드 가을 온기', 'Seasonal Blend Autumn ON-GI', 'MEDIUMLIGHT', 48, 48, 3, NULL, 4, NULL, '사과, 감, 오미자, 메이플시럽', 'https://momos.co.kr/product/%EC%9B%90%EB%91%90-%EC%8B%9C%EC%A6%88%EB%84%90%EB%B8%94%EB%A0%8C%EB%93%9C-%EA%B0%80%EC%9D%84-%EC%98%A8%EA%B8%B0/1977/category/56/display/1/', '2026-05-04 00:00:00', '2026-05-04 00:00:00'),
                                                                                                                                                                                                (23, 2, '시즈널 블렌드 봄 움', 'Seasonal Blend Spring Oom', 'MEDIUMLIGHT', 93, 95, 6, NULL, 5, NULL, '산뜻한 청귤, 레몬 라임, 베르가못, 달콤한 향료', 'https://momos.co.kr/product/%EC%9B%90%EB%91%90-%EC%8B%9C%EC%A6%88%EB%84%90-%EB%B8%94%EB%A0%8C%EB%93%9C-%EB%B4%84-%EC%9B%80/2650/category/56/display/1/', '2026-05-04 00:00:00', '2026-05-04 00:00:00'),
                                                                                                                                                                                                (24, 2, '시즈널 블렌드 겨울 툰드라의 빛', 'Seasonal Blend Tundra Glow', 'MEDIUMLIGHT', 48, 48, 3, NULL, 3, NULL, '다크체리, 라즈베리, 초콜릿', 'https://momos.co.kr/product/%EC%9B%90%EB%91%90-%EC%8B%9C%EC%A6%88%EB%84%90%EB%B8%94%EB%A0%8C%EB%93%9C-%EA%B2%A8%EC%9A%B8-%ED%88%B0%EB%93%9C%EB%9D%BC%EC%9D%98-%EB%B9%9B/2047/category/56/display/1/', '2026-05-04 00:00:00', '2026-05-04 00:00:00'),
                                                                                                                                                                                                (25, 2, '시즈널 블렌드 여름 와이키키', 'Seasonal Blend Summer WAIKIKI', 'LIGHT', NULL, NULL, 4, NULL, 2, NULL, '다즐링티, 청포도, 노란 백합, 살구 주스', 'https://momos.co.kr/product/%EC%9B%90%EB%91%90-%EC%8B%9C%EC%A6%88%EB%84%90%EB%B8%94%EB%A0%8C%EB%93%9C-%EC%97%AC%EB%A6%84-%EC%99%80%EC%9D%B4%ED%82%A4%ED%82%A4/2323/category/56/display/1/', '2026-05-04 00:00:00', '2026-05-04 00:00:00'),
                                                                                                                                                                                                (26, 2, '콜롬비아 푸네스 카투라 워시드', 'Colombia Funes Caturra Washed', 'MEDIUMLIGHT', 90, 92, 3, NULL, 3, NULL, '무화과, 청사과, 말린 살구, 백차', 'https://momos.co.kr/product/%EC%9B%90%EB%91%90-%EC%BD%9C%EB%A1%AC%EB%B9%84%EC%95%84-%ED%91%B8%EB%84%A4%EC%8A%A4-%EC%B9%B4%ED%88%AC%EB%9D%BC-%EC%9B%8C%EC%8B%9C%EB%93%9C/2737/category/56/display/1/', '2026-05-04 00:00:00', '2026-05-04 00:00:00'),
                                                                                                                                                                                                (27, 2, '과테말라 엘 인헤르토 게이샤 워시드', 'Guatemala El Injerto Geisha Washed', 'MEDIUMLIGHT', 93, 95, 3, NULL, 2, NULL, '오렌지꽃, 오렌지, 아카시아꿀', 'https://momos.co.kr/product/%EC%9B%90%EB%91%90-%EA%B3%BC%ED%85%8C%EB%A7%90%EB%9D%BC-%EC%97%98-%EC%9D%B8%ED%97%A4%EB%A5%B4%ED%86%A0-%EA%B2%8C%EC%9D%B4%EC%83%A4-%EC%9B%8C%EC%8B%9C%EB%93%9C/2739/category/56/display/1/', '2026-05-04 00:00:00', '2026-05-04 00:00:00'),
                                                                                                                                                                                                (28, 3, '콜롬비아 엘 파라이소 리치피치', 'Colombia Finca El Paraiso Lychee Peach', 'MEDIUMLIGHT', NULL, NULL, NULL, NULL, NULL, NULL, '복숭아, 리치, 망고스틴', 'https://smartstore.naver.com/connectscoffee/products/11984091798', '2026-05-04 00:00:00', '2026-05-04 00:00:00'),
                                                                                                                                                                                                (29, 3, '에티오피아 모모라 내추럴 구지 G1 스페셜티', 'Ethiopia Mormora Natural Guji G1 Specialty', 'MEDIUMLIGHT', NULL, NULL, NULL, NULL, NULL, NULL, '꿀, 살구, 체리, 딸기, 복숭아, 자스민, 감귤류', 'https://smartstore.naver.com/connectscoffee/products/3661939531', '2026-05-04 00:00:00', '2026-05-04 00:00:00'),
                                                                                                                                                                                                (30, 3, '에티오피아 시다마 벤사 산타와네 니구세 게메다 에얼룸 내추럴', 'Ethiopia Sidama Bensa Shantawane Nigusse Gemeda Heirloom Natural', 'MEDIUMLIGHT', NULL, NULL, NULL, NULL, NULL, NULL, '라즈베리, 자몽, 복숭아, 살구, 모과, 쥬시', 'https://smartstore.naver.com/connectscoffee/products/12668468023', '2026-05-04 00:00:00', '2026-05-04 00:00:00'),
                                                                                                                                                                                                (31, 3, '에티오피아 벤치마지 게샤 워시드', 'Ethiopia BenchMaji Gesha Washed', 'MEDIUMLIGHT', NULL, NULL, NULL, NULL, NULL, NULL, '플로럴, 자스민, 백도, 자두, 살구, 오렌지', 'https://smartstore.naver.com/connectscoffee/products/11228935397', '2026-05-04 00:00:00', '2026-05-04 00:00:00'),
                                                                                                                                                                                                (32, 3, '에티오피아 구지 비살라 셀렉션 #2 에얼룸 워시드', 'Ethiopia Guji Bishala Selection #2 Heirloom Washed', 'MEDIUMLIGHT', NULL, NULL, NULL, NULL, NULL, NULL, '레몬그라스, 오렌지, 백도, 살구, 자두, 라즈베리', 'https://smartstore.naver.com/connectscoffee/products/13136444850', '2026-05-04 00:00:00', '2026-05-04 00:00:00'),
                                                                                                                                                                                                (33, 3, '케냐 니에리 힐 AA TOP 워시드', 'Kenya Nyeri Hill AA TOP Washed', 'MEDIUM', NULL, NULL, NULL, NULL, NULL, NULL, '살구, 오렌지, 자몽, 캐슈넛', 'https://smartstore.naver.com/connectscoffee/products/11534765134', '2026-05-04 00:00:00', '2026-05-04 00:00:00'),
                                                                                                                                                                                                (34, 3, '코스타리카 따라주 산 라파엘 RZ SHB EP', 'Costa Rica Tarrazu ''San Rafael R.Z'' SHB', 'MEDIUMDARK', NULL, NULL, NULL, NULL, NULL, NULL, '오렌지, 피넛, 다크초콜릿', 'https://smartstore.naver.com/connectscoffee/products/4870713701', '2026-05-04 00:00:00', '2026-05-04 00:00:00'),
                                                                                                                                                                                                (35, 3, '과테말라 엘 소코로 마르세예사 워시드', 'Guatemala El Socorro Marsellesa Washed', 'MEDIUMLIGHT', NULL, NULL, NULL, NULL, NULL, NULL, '건포도, 블랙커런트, 로스티드 넛츠, 브라운 슈가, 월넛, 밀크초콜릿', 'https://smartstore.naver.com/connectscoffee/products/11255482194', '2026-05-04 00:00:00', '2026-05-04 00:00:00'),
                                                                                                                                                                                                (36, 3, '콜롬비아 엘 테소로 게이샤 워시드', 'Colombia El Tesoro Geisha Washed', 'MEDIUMLIGHT', NULL, NULL, NULL, NULL, NULL, NULL, '자스민, 유칼립투스, 얼그레이, 레몬그라스, 그린티', 'https://smartstore.naver.com/connectscoffee/products/8416878791', '2026-05-04 00:00:00', '2026-05-04 00:00:00'),
                                                                                                                                                                                                (37, 3, '콜롬비아 로꼬 시리즈 로건', 'Colombia LOCO SERIES LOGAN Double Culturing Meceration', 'MEDIUMLIGHT', NULL, NULL, NULL, NULL, NULL, NULL, '산딸기, 와인, 플로럴, 체리코크, 파인애플', 'https://smartstore.naver.com/connectscoffee/products/12844405298', '2026-05-04 00:00:00', '2026-05-04 00:00:00'),
                                                                                                                                                                                                (38, 3, '온두라스 라 팔다 버번 워시드', 'Honduras La Falda Bourbon Washed', 'MEDIUMLIGHT', NULL, NULL, NULL, NULL, NULL, NULL, '만다린, 자두, 블랙 체리, 브라운 슈거', 'https://smartstore.naver.com/connectscoffee/products/12844315210', '2026-05-04 00:00:00', '2026-05-04 00:00:00'),
                                                                                                                                                                                                (39, 3, '콜롬비아 카우카 파라이소 92 디카페인', 'Colombia Cauca Paraiso 92 Decaf E.A', 'MEDIUMLIGHT', NULL, NULL, NULL, NULL, NULL, NULL, '히비스커스, 대추야자, 건푸룬, 건자두, 모과, 시러피', 'http://smartstore.naver.com/connectscoffee/products/11988839131', '2026-05-04 00:00:00', '2026-05-04 00:00:00'),
                                                                                                                                                                                                (40, 3, '콜롬비아 사르사 게이샤 내추럴', 'Colombia Zarza Geisha Natural', 'MEDIUMLIGHT', NULL, NULL, NULL, NULL, NULL, NULL, '딸기 사탕, 장미, 드라이 프루츠, 블랙티, 카라멜, 초콜릿, 럼, 블랙베리, 와이니', 'https://smartstore.naver.com/connectscoffee/products/11984261889', '2026-05-04 00:00:00', '2026-05-04 00:00:00'),
                                                                                                                                                                                                (41, 3, '과테말라 엘 소코로 옐로우 카투라 워시드', 'Guatemala El Socorro Yellow Caturra Washed', 'MEDIUMLIGHT', NULL, NULL, NULL, NULL, NULL, NULL, '오렌지, 애플, 밀크초콜릿, 카라멜', 'https://smartstore.naver.com/connectscoffee/products/11984204553', '2026-05-04 00:00:00', '2026-05-04 00:00:00'),
                                                                                                                                                                                                (42, 3, '코스타리카 라 빠일라 카투스 레드 허니', 'Costa Rica La Paila Catu’s Red Honey', 'MEDIUM', NULL, NULL, NULL, NULL, NULL, NULL, '시트러스, 건자두, 블랙베리, 로스트 아몬드', 'https://smartstore.naver.com/connectscoffee/products/11589553991', '2026-05-04 00:00:00', '2026-05-04 00:00:00'),
                                                                                                                                                                                                (43, 3, '에티오피아 나르도스 구지 사키차 G1 내추럴', 'Ethiopia Nardos Guji Sakicha G1 Natural', 'MEDIUMLIGHT', NULL, NULL, NULL, NULL, NULL, NULL, '복숭아, 살구, 오렌지, 마카다미아, 카라멜', 'https://smartstore.naver.com/connectscoffee/products/10701799431', '2026-05-04 00:00:00', '2026-05-04 00:00:00'),
                                                                                                                                                                                                (44, 3, '콜롬비아 핀카 엘 파라이소 리치', 'Colombia Finca El Paraiso Lychee', 'MEDIUMLIGHT', NULL, NULL, NULL, NULL, NULL, NULL, '리치, 열대과일, 복숭아, 배, 사과', 'https://smartstore.naver.com/connectscoffee/products/10144197405', '2026-05-04 00:00:00', '2026-05-04 00:00:00'),
                                                                                                                                                                                                (45, 3, '과테말라 엘 소코로 레드 버번', 'Guatemala El Socorro Red Bourbon', 'MEDIUMLIGHT', NULL, NULL, NULL, NULL, NULL, NULL, '오렌지, 사과, 마카다미아, 밀크초콜릿', 'https://smartstore.naver.com/connectscoffee/products/8652026727', '2026-05-04 00:00:00', '2026-05-04 00:00:00'),
                                                                                                                                                                                                (46, 3, '과테말라 엘 소코로 산 로렌조', 'Guatemala El Socorro Finca San Lorenzo', 'MEDIUMDARK', NULL, NULL, NULL, NULL, NULL, NULL, '로스트 아몬드, 엿기름, 브라운슈가, 초콜릿', 'https://smartstore.naver.com/connectscoffee/products/7044672027', '2026-05-04 00:00:00', '2026-05-04 00:00:00'),
                                                                                                                                                                                                (47, 3, '인도네시아 와하나 만델링 G1', 'Indonesia Wahana Mandeling G1', 'MEDIUMDARK', NULL, NULL, NULL, NULL, NULL, NULL, '블랙슈거, 다크초콜릿, 캐슈넛, 오렌지, 스모크, 굿바디', 'https://smartstore.naver.com/connectscoffee/products/4862811331', '2026-05-04 00:00:00', '2026-05-04 00:00:00'),
                                                                                                                                                                                                (48, 3, '프루티 블렌드 시즌블렌드', 'FRUITY BLEND', 'MEDIUMLIGHT', 85, 85, 4, NULL, 4, NULL, '레드베리, 라즈베리, 라벤더, 스트로베리, 라즈베리 캔디, 건자두, 망고스틴', 'https://smartstore.naver.com/connectscoffee/products/8371519444', '2026-05-04 00:00:00', '2026-05-04 00:00:00'),
                                                                                                                                                                                                (49, 3, '브라이트 블렌드', 'BRIGHT BLEND', 'MEDIUMLIGHT', 83, 84, 5, NULL, 3, NULL, '열대과일, 자몽, 살구, 복숭아, 홍차, 크렌베리, 리치, 패션후르츠', 'https://smartstore.naver.com/connectscoffee/products/4613369916', '2026-05-04 00:00:00', '2026-05-04 00:00:00'),
                                                                                                                                                                                                (50, 3, '발렌타인 블렌드 플러스', 'VALENTINE BLEND PLUS', 'MEDIUMDARK', 55, 56, 1, NULL, 5, NULL, '다크초콜릿, 헤이즐넛, 마카다미아, 카카오닙스, 스모크', 'https://smartstore.naver.com/connectscoffee/products/3690278670', '2026-05-04 00:00:00', '2026-05-04 00:00:00'),
                                                                                                                                                                                                (51, 3, '브라우니 블렌드', 'BROWNY BLEND', 'MEDIUMDARK', 55, 56, 1, NULL, 5, NULL, '흑설탕, 밀크초콜릿, 엿기름, 헤이즐넛 시럽', 'https://smartstore.naver.com/connectscoffee/products/10445271452', '2026-05-04 00:00:00', '2026-05-04 00:00:00'),
                                                                                                                                                                                                (52, 3, '디카페인 블렌드 위켄드', 'DECAF BLEND WEEKEND', 'MEDIUMDARK', 50, 51, 1, NULL, 4, NULL, '밀크초콜릿, 캐슈넛, 카카오, 카라멜, 대추야자, 오트', 'https://smartstore.naver.com/connectscoffee/products/8419228516', '2026-05-04 00:00:00', '2026-05-04 00:00:00'),
                                                                                                                                                                                                (53, 3, '커넥츠 블렌드', 'CONNECTS BLEND', 'MEDIUM', 75, 76, 3, NULL, 3, NULL, '조청, 건포도, 바닐라, 밀크초콜릿, 몰트', 'https://smartstore.naver.com/connectscoffee/products/5077036397', '2026-05-04 00:00:00', '2026-05-04 00:00:00'),
                                                                                                                                                                                                (54, 3, '뉴커먼 블렌드', 'NEW COMMON BLEND', 'MEDIUMDARK', 55, 56, 1, NULL, 5, NULL, '로스트피넛, 헤이즐넛, 카카오닙스, 헤비바디', 'https://smartstore.naver.com/connectscoffee/products/3690306705', '2026-05-04 00:00:00', '2026-05-04 00:00:00')
    AS new_row
ON DUPLICATE KEY UPDATE roaster_id=new_row.roaster_id, name_ko=new_row.name_ko, name_en=new_row.name_en, roasting_level=new_row.roasting_level, agtron_min=new_row.agtron_min, agtron_max=new_row.agtron_max, acidity=new_row.acidity, sweetness=new_row.sweetness, body=new_row.body, balance=new_row.balance, description=new_row.description, product_url=new_row.product_url, updated_at=new_row.updated_at;
INSERT INTO bean (bean_id, name_ko, name_en, process, origin, region, variety, altitude_min, altitude_max, created_at, updated_at) VALUES
                                                                                                                                       (1, '콜롬비아 포토시 트레스 드래곤즈 콜롬비아', 'Colombia Potosi Tres Dragones Colombia', 'Natural', 'Colombia', 'Calcedonia, Valle Del Cauca', 'Colombia', 1400, 1860, '2026-05-04 00:00:00', '2026-05-04 00:00:00'),
                                                                                                                                       (2, '에티오피아 니구세 두완초', 'Ethiopia Niguse Duwancho', 'Natural', 'Ethiopia', 'Duwancho, Bura', '74158', 2280, 2370, '2026-05-04 00:00:00', '2026-05-04 00:00:00'),
                                                                                                                                       (3, '콜롬비아 엘 파라이소 리치 피치', 'Colombia El Paraiso Lychee Peach', 'Double Anaerobic Fermentation / Thermal Shock', 'Colombia', 'Piendamo, Cauca', 'Castillo', 1960, 1960, '2026-05-04 00:00:00', '2026-05-04 00:00:00'),
                                                                                                                                       (4, '콜롬비아 라스 플로레스 오팔 게이샤', 'Colombia Las Flores Opal Geisha', 'Anaerobic Washed', 'Colombia', 'huila, colombia', 'Geisha', 1750, 1750, '2026-05-04 00:00:00', '2026-05-04 00:00:00'),
                                                                                                                                       (5, '브라질 세하도 NY2', 'Brazil Cerrado NY2', 'Natural', 'Brazil', 'SUL DE MINAS', NULL, 1000, 1000, '2026-05-04 00:00:00', '2026-05-04 00:00:00'),
                                                                                                                                       (6, '에티오피아 예가체프 G2', 'Ethiopia Yirgacheffe G2', 'Washed', 'Ethiopia', 'YIRGACHEFFE', NULL, 2000, 2000, '2026-05-04 00:00:00', '2026-05-04 00:00:00'),
                                                                                                                                       (7, '콜롬비아 슈가케인 디카페인', 'Colombia Sugarcane Decaffeinated', 'Sugarcane Decaffeinated', 'Colombia', NULL, NULL, 1700, 1700, '2026-05-04 00:00:00', '2026-05-04 00:00:00'),
                                                                                                                                       (8, '콜롬비아 후일라 수프리모', 'Colombia Huila Supremo', 'Washed', 'Colombia', 'HUILA', NULL, 2500, 2500, '2026-05-04 00:00:00', '2026-05-04 00:00:00'),
                                                                                                                                       (9, '인도네시아 만델링 G1 TP', 'Indonesia Mandheling G1 TP', 'Wet Hulled', 'Indonesia', 'SUMATRA', NULL, 1600, 1600, '2026-05-04 00:00:00', '2026-05-04 00:00:00'),
                                                                                                                                       (10, '콜롬비아 아폰테 디카페인', 'Colombia Aponte DECAF', 'DECAF Washed', 'Colombia', 'Aponte', 'Caturra', 2230, 2230, '2026-05-04 00:00:00', '2026-05-04 00:00:00'),
                                                                                                                                       (11, '엘살바도르 COE 로스 나랑호스 게이샤 H', 'El Salvador COE Los Naranjos Geisha H', 'Honey', 'El Salvador', 'Apaneca, Ahuachapán', 'Geisha', 1650, 1650, '2026-05-04 00:00:00', '2026-05-04 00:00:00'),
                                                                                                                                       (12, '에티오피아 게샤 빌리지 수마 게샤 1931 내추럴 Lot 53', 'Ethiopia Gesha Village Surma Gesha 1931 Natural Lot 53', 'Natural', 'Ethiopia', 'Bench Maji', 'Gesha 1931', 1909, 2063, '2026-05-04 00:00:00', '2026-05-04 00:00:00'),
                                                                                                                                       (13, '콜롬비아 라 구아두아 게이샤 워시드 Lot 파나마', 'Colombia La Guadua Geisha Washed Lot Panamaya', 'Washed', 'Colombia', 'San Pedro de Cartago, Nariño', 'Geisha', 2300, 2300, '2026-05-04 00:00:00', '2026-05-04 00:00:00'),
                                                                                                                                       (14, '콜롬비아 푸네스 카투라', 'Colombia Funes Caturra', 'Washed', 'Colombia', 'Narino', 'Caturra', 1800, 1800, '2026-05-04 00:00:00', '2026-05-04 00:00:00'),
                                                                                                                                       (15, '과테말라 엘 인헤르토 게이샤', 'Guatemala El Injerto Geisha', 'Washed', 'Guatemala', 'Huehuetenango', 'Geisha', 1460, 1980, '2026-05-04 00:00:00', '2026-05-04 00:00:00'),
                                                                                                                                       (16, '에티오피아 모모라 내추럴 구지 G1 스페셜티', 'Ethiopia Mormora Natural Guji G1 Specialty', 'Natural', 'Ethiopia', 'Guji Shakiso', 'Heirloom', 2026, 2026, '2026-05-04 00:00:00', '2026-05-04 00:00:00'),
                                                                                                                                       (17, '에티오피아 시다마 벤사 산타와네 니구세 게메다 에얼룸', 'Ethiopia Sidama Bensa Shantawane Nigusse Gemeda Heirloom', 'Natural', 'Ethiopia', 'Shantawane, Bensa, Sidama', 'Heirloom', 1920, 2020, '2026-05-04 00:00:00', '2026-05-04 00:00:00'),
                                                                                                                                       (18, '에티오피아 벤치마지 게샤', 'Ethiopia BenchMaji Gesha', 'Washed', 'Ethiopia', 'Benchmaji', 'Gesha', NULL, NULL, '2026-05-04 00:00:00', '2026-05-04 00:00:00'),
                                                                                                                                       (19, '에티오피아 구지 비살라 셀렉션 #2 에얼룸', 'Ethiopia Guji Bishala Selection #2 Heirloom', 'Washed', 'Ethiopia', 'Guji, Oromia', 'Heirloom', NULL, NULL, '2026-05-04 00:00:00', '2026-05-04 00:00:00'),
                                                                                                                                       (20, '케냐 니에리 힐 AA TOP', 'Kenya Nyeri Hill AA TOP', 'Washed', 'Kenya', 'Nyeri County', 'SL28, Ruiru11, Batian', NULL, NULL, '2026-05-04 00:00:00', '2026-05-04 00:00:00'),
                                                                                                                                       (21, '코스타리카 따라주 산 라파엘 RZ SHB EP', 'Costa Rica Tarrazu ''San Rafael R.Z'' SHB', 'Washed', 'Costa Rica', 'Tarrazu', 'Caturra, Catuai', 1200, 2000, '2026-05-04 00:00:00', '2026-05-04 00:00:00'),
                                                                                                                                       (22, '과테말라 엘 소코로 마르세예사', 'Guatemala El Socorro Marsellesa', 'Fully Washed', 'Guatemala', 'Palencia', 'Marsellesa', 1900, 1900, '2026-05-04 00:00:00', '2026-05-04 00:00:00'),
                                                                                                                                       (23, '콜롬비아 엘 테소로 게이샤', 'Colombia El Tesoro Geisha', 'Washed', 'Colombia', 'Palestina', 'Geisha', NULL, NULL, '2026-05-04 00:00:00', '2026-05-04 00:00:00'),
                                                                                                                                       (24, '콜롬비아 로꼬 시리즈 로건', 'Colombia LOCO SERIES LOGAN Double Culturing Meceration', 'Double Culturing Maceration', 'Colombia', 'Santa Rosa del Cabal', 'Caturra, Catiope', NULL, NULL, '2026-05-04 00:00:00', '2026-05-04 00:00:00'),
                                                                                                                                       (25, '온두라스 라 팔다 버번', 'Honduras La Falda Bourbon', 'Fully Washed', 'Honduras', 'Picacho Masaguara', 'Bourbon', NULL, NULL, '2026-05-04 00:00:00', '2026-05-04 00:00:00'),
                                                                                                                                       (26, '콜롬비아 카우카 파라이소 92 디카페인', 'Colombia Cauca Paraiso 92 Decaf E.A', 'Washed Double Anaerobic, E.A Decaffeinated', 'Colombia', 'Huila', 'Red Bourbon', 1650, 2000, '2026-05-04 00:00:00', '2026-05-04 00:00:00'),
                                                                                                                                       (27, '콜롬비아 사르사 게이샤', 'Colombia Zarza Geisha', 'Natural', 'Colombia', 'Bruselas, Huila', 'Geisha', 1750, 1850, '2026-05-04 00:00:00', '2026-05-04 00:00:00'),
                                                                                                                                       (28, '과테말라 엘 소코로 옐로우 카투라', 'Guatemala El Socorro Yellow Caturra', 'Fully Washed', 'Guatemala', 'Palencia', 'Yellow Caturra', 1540, 1860, '2026-05-04 00:00:00', '2026-05-04 00:00:00'),
                                                                                                                                       (29, '코스타리카 라 빠일라 카투스', 'Costa Rica La Paila Catu’s', 'Red Honey', 'Costa Rica', 'Tarrazu', 'Catuai, Caturra', NULL, NULL, '2026-05-04 00:00:00', '2026-05-04 00:00:00'),
                                                                                                                                       (30, '에티오피아 나르도스 구지 사키차 G1', 'Ethiopia Nardos Guji Sakicha G1', 'Natural', 'Ethiopia', 'Guji Sakicha', 'Heirloom', NULL, NULL, '2026-05-04 00:00:00', '2026-05-04 00:00:00'),
                                                                                                                                       (31, '콜롬비아 핀카 엘 파라이소 리치', 'Colombia Finca El Paraiso Lychee', 'Aerobic, Anaerobic', 'Colombia', 'Cauca', 'Castillo', 1930, 1930, '2026-05-04 00:00:00', '2026-05-04 00:00:00'),
                                                                                                                                       (32, '과테말라 엘 소코로 레드 버번', 'Guatemala El Socorro Red Bourbon', 'Fully Washed', 'Guatemala', 'Palencia', 'Red Bourbon', 1540, 1860, '2026-05-04 00:00:00', '2026-05-04 00:00:00'),
                                                                                                                                       (33, '과테말라 엘 소코로 산 로렌조', 'Guatemala El Socorro Finca San Lorenzo', 'Natural', 'Guatemala', 'San Jeronimo Baja Verapaz', 'Red Caturra', 1100, 1100, '2026-05-04 00:00:00', '2026-05-04 00:00:00'),
                                                                                                                                       (34, '인도네시아 와하나 만델링 G1', 'Indonesia Wahana Mandeling G1', 'Semi Washed', 'Indonesia', 'Aceh Tengah, Takengon', 'Typica, Catimor', 1400, 1400, '2026-05-04 00:00:00', '2026-05-04 00:00:00'),
                                                                                                                                       (35, '리뉴얼 블렌드 ''휴''', 'Renewal Blend ''Hue''', 'Blend', 'Ethiopia, Colombia Geisha', 'blend', 'Mixed', NULL, NULL, '2026-05-04 00:00:00', '2026-05-04 00:00:00'),
                                                                                                                                       (36, '블렌드 루트 블랙', 'Blend Root Black', 'Blend', 'Brazil Natural, Colombia, Indonesia Washed', 'blend', 'Mixed', NULL, NULL, '2026-05-04 00:00:00', '2026-05-04 00:00:00'),
                                                                                                                                       (37, '블렌드 캔디 그린', 'Blend Candy Green', 'Blend', 'Ethiopia Washed, Ethiopia Natural', 'blend', 'Mixed', NULL, NULL, '2026-05-04 00:00:00', '2026-05-04 00:00:00'),
                                                                                                                                       (38, '블렌드 애플 레드', 'Blend Apple Red', 'Blend', 'Brazil Natural, Ethiopia Natural, Ethiopia Washed', 'blend', 'Mixed', NULL, NULL, '2026-05-04 00:00:00', '2026-05-04 00:00:00'),
                                                                                                                                       (39, '에스쇼콜라', 'Es Chocolat', 'Blend', 'Costa Rica White Honey, Guatemala Washed, Colombia Washed, Brazil Natural', 'blend', 'Mixed', NULL, NULL, '2026-05-04 00:00:00', '2026-05-04 00:00:00'),
                                                                                                                                       (40, '프루티봉봉', 'Fruity Bonbon', 'Blend', 'Ethiopia Washed, Ethiopia Natural, Colombia Washed', 'blend', 'Mixed', NULL, NULL, '2026-05-04 00:00:00', '2026-05-04 00:00:00'),
                                                                                                                                       (41, '부산', 'Busan', 'Blend', 'Brazil Natural, Brazil Pulped Natural, Ethiopia Natural', 'blend', 'Mixed', NULL, NULL, '2026-05-04 00:00:00', '2026-05-04 00:00:00'),
                                                                                                                                       (42, '므쵸베리', 'Mucho Berry', 'Blend', 'Ethiopia Natural, Colombia Washed', 'blend', 'Mixed', NULL, NULL, '2026-05-04 00:00:00', '2026-05-04 00:00:00'),
                                                                                                                                       (43, '시즈널 블렌드 가을 온기', 'Seasonal Blend Autumn ON-GI', 'Blend', 'Kenya, Ethiopia', 'blend', 'Mixed', NULL, NULL, '2026-05-04 00:00:00', '2026-05-04 00:00:00'),
                                                                                                                                       (44, '시즈널 블렌드 봄 움', 'Seasonal Blend Spring Oom', 'Blend', 'Ethiopia, Colombia, etc', 'blend', 'Mixed', NULL, NULL, '2026-05-04 00:00:00', '2026-05-04 00:00:00'),
                                                                                                                                       (45, '시즈널 블렌드 겨울 툰드라의 빛', 'Seasonal Blend Tundra Glow', 'Blend', 'Ethiopia, Costa Rica', 'blend', 'Mixed', NULL, NULL, '2026-05-04 00:00:00', '2026-05-04 00:00:00'),
                                                                                                                                       (46, '시즈널 블렌드 여름 와이키키', 'Seasonal Blend Summer WAIKIKI', 'Blend', 'Ethiopia, Ecuador, Colombia', 'blend', 'Mixed', NULL, NULL, '2026-05-04 00:00:00', '2026-05-04 00:00:00'),
                                                                                                                                       (47, '프루티 블렌드 시즌블렌드', 'FRUITY BLEND', 'Blend', 'Blend', 'blend', 'Mixed', NULL, NULL, '2026-05-04 00:00:00', '2026-05-04 00:00:00'),
                                                                                                                                       (48, '브라이트 블렌드', 'BRIGHT BLEND', 'Blend', 'Blend', 'blend', 'Mixed', NULL, NULL, '2026-05-04 00:00:00', '2026-05-04 00:00:00'),
                                                                                                                                       (49, '발렌타인 블렌드 플러스', 'VALENTINE BLEND PLUS', 'Blend', 'Blend', 'blend', 'Mixed', NULL, NULL, '2026-05-04 00:00:00', '2026-05-04 00:00:00'),
                                                                                                                                       (50, '브라우니 블렌드', 'BROWNY BLEND', 'Blend', 'Blend', 'blend', 'Mixed', NULL, NULL, '2026-05-04 00:00:00', '2026-05-04 00:00:00'),
                                                                                                                                       (51, '디카페인 블렌드 위켄드', 'DECAF BLEND WEEKEND', 'Blend', 'Blend', 'blend', 'Mixed', NULL, NULL, '2026-05-04 00:00:00', '2026-05-04 00:00:00'),
                                                                                                                                       (52, '커넥츠 블렌드', 'CONNECTS BLEND', 'Blend', 'Blend', 'blend', 'Mixed', NULL, NULL, '2026-05-04 00:00:00', '2026-05-04 00:00:00'),
                                                                                                                                       (53, '뉴커먼 블렌드', 'NEW COMMON BLEND', 'Blend', 'Blend', 'blend', 'Mixed', NULL, NULL, '2026-05-04 00:00:00', '2026-05-04 00:00:00')
    AS new_row
ON DUPLICATE KEY UPDATE name_ko=new_row.name_ko, name_en=new_row.name_en, process=new_row.process, origin=new_row.origin, region=new_row.region, variety=new_row.variety, altitude_min=new_row.altitude_min, altitude_max=new_row.altitude_max, updated_at=new_row.updated_at;
INSERT INTO bean_product (bean_product_id, product_id, bean_id, created_at, updated_at) VALUES
                                                                                            (1, 1, 1, '2026-05-04 00:00:00', '2026-05-04 00:00:00'),
                                                                                            (2, 3, 2, '2026-05-04 00:00:00', '2026-05-04 00:00:00'),
                                                                                            (3, 4, 3, '2026-05-04 00:00:00', '2026-05-04 00:00:00'),
                                                                                            (4, 5, 4, '2026-05-04 00:00:00', '2026-05-04 00:00:00'),
                                                                                            (5, 9, 5, '2026-05-04 00:00:00', '2026-05-04 00:00:00'),
                                                                                            (6, 10, 6, '2026-05-04 00:00:00', '2026-05-04 00:00:00'),
                                                                                            (7, 11, 7, '2026-05-04 00:00:00', '2026-05-04 00:00:00'),
                                                                                            (8, 12, 8, '2026-05-04 00:00:00', '2026-05-04 00:00:00'),
                                                                                            (9, 13, 9, '2026-05-04 00:00:00', '2026-05-04 00:00:00'),
                                                                                            (10, 18, 10, '2026-05-04 00:00:00', '2026-05-04 00:00:00'),
                                                                                            (11, 19, 11, '2026-05-04 00:00:00', '2026-05-04 00:00:00'),
                                                                                            (12, 20, 12, '2026-05-04 00:00:00', '2026-05-04 00:00:00'),
                                                                                            (13, 21, 13, '2026-05-04 00:00:00', '2026-05-04 00:00:00'),
                                                                                            (14, 26, 14, '2026-05-04 00:00:00', '2026-05-04 00:00:00'),
                                                                                            (15, 27, 15, '2026-05-04 00:00:00', '2026-05-04 00:00:00'),
                                                                                            (16, 28, 3, '2026-05-04 00:00:00', '2026-05-04 00:00:00'),
                                                                                            (17, 29, 16, '2026-05-04 00:00:00', '2026-05-04 00:00:00'),
                                                                                            (18, 30, 17, '2026-05-04 00:00:00', '2026-05-04 00:00:00'),
                                                                                            (19, 31, 18, '2026-05-04 00:00:00', '2026-05-04 00:00:00'),
                                                                                            (20, 32, 19, '2026-05-04 00:00:00', '2026-05-04 00:00:00'),
                                                                                            (21, 33, 20, '2026-05-04 00:00:00', '2026-05-04 00:00:00'),
                                                                                            (22, 34, 21, '2026-05-04 00:00:00', '2026-05-04 00:00:00'),
                                                                                            (23, 35, 22, '2026-05-04 00:00:00', '2026-05-04 00:00:00'),
                                                                                            (24, 36, 23, '2026-05-04 00:00:00', '2026-05-04 00:00:00'),
                                                                                            (25, 37, 24, '2026-05-04 00:00:00', '2026-05-04 00:00:00'),
                                                                                            (26, 38, 25, '2026-05-04 00:00:00', '2026-05-04 00:00:00'),
                                                                                            (27, 39, 26, '2026-05-04 00:00:00', '2026-05-04 00:00:00'),
                                                                                            (28, 40, 27, '2026-05-04 00:00:00', '2026-05-04 00:00:00'),
                                                                                            (29, 41, 28, '2026-05-04 00:00:00', '2026-05-04 00:00:00'),
                                                                                            (30, 42, 29, '2026-05-04 00:00:00', '2026-05-04 00:00:00'),
                                                                                            (31, 43, 30, '2026-05-04 00:00:00', '2026-05-04 00:00:00'),
                                                                                            (32, 44, 31, '2026-05-04 00:00:00', '2026-05-04 00:00:00'),
                                                                                            (33, 45, 32, '2026-05-04 00:00:00', '2026-05-04 00:00:00'),
                                                                                            (34, 46, 33, '2026-05-04 00:00:00', '2026-05-04 00:00:00'),
                                                                                            (35, 47, 34, '2026-05-04 00:00:00', '2026-05-04 00:00:00'),
                                                                                            (36, 2, 35, '2026-05-04 00:00:00', '2026-05-04 00:00:00'),
                                                                                            (37, 6, 36, '2026-05-04 00:00:00', '2026-05-04 00:00:00'),
                                                                                            (38, 7, 37, '2026-05-04 00:00:00', '2026-05-04 00:00:00'),
                                                                                            (39, 8, 38, '2026-05-04 00:00:00', '2026-05-04 00:00:00'),
                                                                                            (40, 14, 39, '2026-05-04 00:00:00', '2026-05-04 00:00:00'),
                                                                                            (41, 15, 40, '2026-05-04 00:00:00', '2026-05-04 00:00:00'),
                                                                                            (42, 16, 41, '2026-05-04 00:00:00', '2026-05-04 00:00:00'),
                                                                                            (43, 17, 42, '2026-05-04 00:00:00', '2026-05-04 00:00:00'),
                                                                                            (44, 22, 43, '2026-05-04 00:00:00', '2026-05-04 00:00:00'),
                                                                                            (45, 23, 44, '2026-05-04 00:00:00', '2026-05-04 00:00:00'),
                                                                                            (46, 24, 45, '2026-05-04 00:00:00', '2026-05-04 00:00:00'),
                                                                                            (47, 25, 46, '2026-05-04 00:00:00', '2026-05-04 00:00:00'),
                                                                                            (48, 48, 47, '2026-05-04 00:00:00', '2026-05-04 00:00:00'),
                                                                                            (49, 49, 48, '2026-05-04 00:00:00', '2026-05-04 00:00:00'),
                                                                                            (50, 50, 49, '2026-05-04 00:00:00', '2026-05-04 00:00:00'),
                                                                                            (51, 51, 50, '2026-05-04 00:00:00', '2026-05-04 00:00:00'),
                                                                                            (52, 52, 51, '2026-05-04 00:00:00', '2026-05-04 00:00:00'),
                                                                                            (53, 53, 52, '2026-05-04 00:00:00', '2026-05-04 00:00:00'),
                                                                                            (54, 54, 53, '2026-05-04 00:00:00', '2026-05-04 00:00:00')
    AS new_row
ON DUPLICATE KEY UPDATE product_id=new_row.product_id, bean_id=new_row.bean_id, updated_at=new_row.updated_at;
INSERT INTO flavor_note (flavor_note_id, flavor_category, name_ko, name_en, flavor_image_url, created_at, updated_at) VALUES
                                                                                                                          (1, 'FRUITY', '체리', NULL, '/images/flavors/default.png', '2026-05-04 00:00:00', '2026-05-04 00:00:00'),
                                                                                                                          (2, 'FRUITY', '포도', NULL, '/images/flavors/default.png', '2026-05-04 00:00:00', '2026-05-04 00:00:00'),
                                                                                                                          (3, 'FERMENTED', '와인', NULL, '/images/flavors/default.png', '2026-05-04 00:00:00', '2026-05-04 00:00:00'),
                                                                                                                          (4, 'SWEET', '꿀', NULL, '/images/flavors/default.png', '2026-05-04 00:00:00', '2026-05-04 00:00:00'),
                                                                                                                          (5, 'FRUITY', '망고', NULL, '/images/flavors/default.png', '2026-05-04 00:00:00', '2026-05-04 00:00:00'),
                                                                                                                          (6, 'FLORAL', '라벤더', NULL, '/images/flavors/default.png', '2026-05-04 00:00:00', '2026-05-04 00:00:00'),
                                                                                                                          (7, 'FRUITY', '오렌지주스', NULL, '/images/flavors/default.png', '2026-05-04 00:00:00', '2026-05-04 00:00:00'),
                                                                                                                          (8, 'FRUITY', '딸기잼', NULL, '/images/flavors/default.png', '2026-05-04 00:00:00', '2026-05-04 00:00:00'),
                                                                                                                          (9, 'FRUITY', '복숭아', NULL, '/images/flavors/default.png', '2026-05-04 00:00:00', '2026-05-04 00:00:00'),
                                                                                                                          (10, 'FRUITY', '블루베리', NULL, '/images/flavors/default.png', '2026-05-04 00:00:00', '2026-05-04 00:00:00'),
                                                                                                                          (11, 'FRUITY', '리치', NULL, '/images/flavors/default.png', '2026-05-04 00:00:00', '2026-05-04 00:00:00'),
                                                                                                                          (12, 'FERMENTED', '요거트', NULL, '/images/flavors/default.png', '2026-05-04 00:00:00', '2026-05-04 00:00:00'),
                                                                                                                          (13, 'FRUITY', '레몬제스트', NULL, '/images/flavors/default.png', '2026-05-04 00:00:00', '2026-05-04 00:00:00'),
                                                                                                                          (14, 'FLORAL', '자스민', NULL, '/images/flavors/default.png', '2026-05-04 00:00:00', '2026-05-04 00:00:00'),
                                                                                                                          (15, 'CHOCOLATY', '다크초콜릿', NULL, '/images/flavors/default.png', '2026-05-04 00:00:00', '2026-05-04 00:00:00'),
                                                                                                                          (16, 'CHOCOLATY', '카카오', NULL, '/images/flavors/default.png', '2026-05-04 00:00:00', '2026-05-04 00:00:00'),
                                                                                                                          (17, 'SWEET', '캐러맬', NULL, '/images/flavors/default.png', '2026-05-04 00:00:00', '2026-05-04 00:00:00'),
                                                                                                                          (18, 'FRUITY', '바나나', NULL, '/images/flavors/default.png', '2026-05-04 00:00:00', '2026-05-04 00:00:00'),
                                                                                                                          (19, 'FRUITY', '오렌지', NULL, '/images/flavors/default.png', '2026-05-04 00:00:00', '2026-05-04 00:00:00'),
                                                                                                                          (20, 'BROWN_SUGAR', '비정제 설탕', NULL, '/images/flavors/default.png', '2026-05-04 00:00:00', '2026-05-04 00:00:00'),
                                                                                                                          (21, 'CHOCOLATY', '밀크초콜릿', NULL, '/images/flavors/default.png', '2026-05-04 00:00:00', '2026-05-04 00:00:00'),
                                                                                                                          (22, 'FRUITY', '사과', NULL, '/images/flavors/default.png', '2026-05-04 00:00:00', '2026-05-04 00:00:00'),
                                                                                                                          (23, 'NUTTY', '아몬드', NULL, '/images/flavors/default.png', '2026-05-04 00:00:00', '2026-05-04 00:00:00'),
                                                                                                                          (24, 'SWEET', '캐러멜', NULL, '/images/flavors/default.png', '2026-05-04 00:00:00', '2026-05-04 00:00:00'),
                                                                                                                          (25, 'SAVORY', '고구마', NULL, '/images/flavors/default.png', '2026-05-04 00:00:00', '2026-05-04 00:00:00'),
                                                                                                                          (26, 'FLORAL', '플로럴', NULL, '/images/flavors/default.png', '2026-05-04 00:00:00', '2026-05-04 00:00:00'),
                                                                                                                          (27, 'NUTTY', '피스타치오', NULL, '/images/flavors/default.png', '2026-05-04 00:00:00', '2026-05-04 00:00:00'),
                                                                                                                          (28, 'SAVORY', '보리', NULL, '/images/flavors/default.png', '2026-05-04 00:00:00', '2026-05-04 00:00:00'),
                                                                                                                          (29, 'SAVORY', '곡물', NULL, '/images/flavors/default.png', '2026-05-04 00:00:00', '2026-05-04 00:00:00'),
                                                                                                                          (30, 'SWEET', '카라멜', NULL, '/images/flavors/default.png', '2026-05-04 00:00:00', '2026-05-04 00:00:00'),
                                                                                                                          (31, 'SAVORY', '모카번', NULL, '/images/flavors/default.png', '2026-05-04 00:00:00', '2026-05-04 00:00:00'),
                                                                                                                          (32, 'EARTHY', '어스', NULL, '/images/flavors/default.png', '2026-05-04 00:00:00', '2026-05-04 00:00:00'),
                                                                                                                          (33, 'CHOCOLATY', '다크 초코', NULL, '/images/flavors/default.png', '2026-05-04 00:00:00', '2026-05-04 00:00:00'),
                                                                                                                          (34, 'CHOCOLATY', '초콜릿', NULL, '/images/flavors/default.png', '2026-05-04 00:00:00', '2026-05-04 00:00:00'),
                                                                                                                          (35, 'NUTTY', '프랄린 피칸', NULL, '/images/flavors/default.png', '2026-05-04 00:00:00', '2026-05-04 00:00:00'),
                                                                                                                          (36, 'MOUTHFEEL', '크리미', NULL, '/images/flavors/default.png', '2026-05-04 00:00:00', '2026-05-04 00:00:00'),
                                                                                                                          (37, 'FRUITY', '핵과류', NULL, '/images/flavors/default.png', '2026-05-04 00:00:00', '2026-05-04 00:00:00'),
                                                                                                                          (38, 'FRUITY', '시트러스', NULL, '/images/flavors/default.png', '2026-05-04 00:00:00', '2026-05-04 00:00:00'),
                                                                                                                          (39, 'SWEET', '허니', NULL, '/images/flavors/default.png', '2026-05-04 00:00:00', '2026-05-04 00:00:00'),
                                                                                                                          (40, 'MOUTHFEEL', '쥬시', NULL, '/images/flavors/default.png', '2026-05-04 00:00:00', '2026-05-04 00:00:00'),
                                                                                                                          (41, 'NUTTY', '로스티드 넛', NULL, '/images/flavors/default.png', '2026-05-04 00:00:00', '2026-05-04 00:00:00'),
                                                                                                                          (42, 'OTHER', '건과일', NULL, '/images/flavors/default.png', '2026-05-04 00:00:00', '2026-05-04 00:00:00'),
                                                                                                                          (43, 'MOUTHFEEL', '웰밸런스', NULL, '/images/flavors/default.png', '2026-05-04 00:00:00', '2026-05-04 00:00:00'),
                                                                                                                          (44, 'OTHER', '믹스베리', NULL, '/images/flavors/default.png', '2026-05-04 00:00:00', '2026-05-04 00:00:00'),
                                                                                                                          (45, 'SWEET', '메이플 시럽', NULL, '/images/flavors/default.png', '2026-05-04 00:00:00', '2026-05-04 00:00:00'),
                                                                                                                          (46, 'CHOCOLATY', '초콜릿의 풍미와 캐러멜 퍼지의 단맛', NULL, '/images/flavors/default.png', '2026-05-04 00:00:00', '2026-05-04 00:00:00'),
                                                                                                                          (47, 'NUTTY', '구운 아몬드의 고소함과 크리미한 질감', NULL, '/images/flavors/default.png', '2026-05-04 00:00:00', '2026-05-04 00:00:00'),
                                                                                                                          (48, 'FLORAL', '오렌지꽃', NULL, '/images/flavors/default.png', '2026-05-04 00:00:00', '2026-05-04 00:00:00'),
                                                                                                                          (49, 'SWEET', '아카시아꿀', NULL, '/images/flavors/default.png', '2026-05-04 00:00:00', '2026-05-04 00:00:00'),
                                                                                                                          (50, 'MOUTHFEEL', '실키', NULL, '/images/flavors/default.png', '2026-05-04 00:00:00', '2026-05-04 00:00:00'),
                                                                                                                          (51, 'FRUITY', '백도', NULL, '/images/flavors/default.png', '2026-05-04 00:00:00', '2026-05-04 00:00:00'),
                                                                                                                          (52, 'FRUITY', '귤', NULL, '/images/flavors/default.png', '2026-05-04 00:00:00', '2026-05-04 00:00:00'),
                                                                                                                          (53, 'GREEN_VEGETATIVE', '백차', NULL, '/images/flavors/default.png', '2026-05-04 00:00:00', '2026-05-04 00:00:00'),
                                                                                                                          (54, 'SWEET', '케인슈가', NULL, '/images/flavors/default.png', '2026-05-04 00:00:00', '2026-05-04 00:00:00'),
                                                                                                                          (55, 'OTHER', '은은한', NULL, '/images/flavors/default.png', '2026-05-04 00:00:00', '2026-05-04 00:00:00'),
                                                                                                                          (56, 'FLORAL', '캐모마일', NULL, '/images/flavors/default.png', '2026-05-04 00:00:00', '2026-05-04 00:00:00'),
                                                                                                                          (57, 'FRUITY', '배', NULL, '/images/flavors/default.png', '2026-05-04 00:00:00', '2026-05-04 00:00:00'),
                                                                                                                          (58, 'FRUITY', '감', NULL, '/images/flavors/default.png', '2026-05-04 00:00:00', '2026-05-04 00:00:00'),
                                                                                                                          (59, 'FRUITY', '오미자', NULL, '/images/flavors/default.png', '2026-05-04 00:00:00', '2026-05-04 00:00:00'),
                                                                                                                          (60, 'SWEET', '메이플시럽', NULL, '/images/flavors/default.png', '2026-05-04 00:00:00', '2026-05-04 00:00:00'),
                                                                                                                          (61, 'FRUITY', '산뜻한 청귤', NULL, '/images/flavors/default.png', '2026-05-04 00:00:00', '2026-05-04 00:00:00'),
                                                                                                                          (62, 'FRUITY', '레몬 라임', NULL, '/images/flavors/default.png', '2026-05-04 00:00:00', '2026-05-04 00:00:00'),
                                                                                                                          (63, 'GREEN_VEGETATIVE', '베르가못', NULL, '/images/flavors/default.png', '2026-05-04 00:00:00', '2026-05-04 00:00:00'),
                                                                                                                          (64, 'SPICE', '달콤한 향료', NULL, '/images/flavors/default.png', '2026-05-04 00:00:00', '2026-05-04 00:00:00'),
                                                                                                                          (65, 'FRUITY', '다크체리', NULL, '/images/flavors/default.png', '2026-05-04 00:00:00', '2026-05-04 00:00:00'),
                                                                                                                          (66, 'FRUITY', '라즈베리', NULL, '/images/flavors/default.png', '2026-05-04 00:00:00', '2026-05-04 00:00:00'),
                                                                                                                          (67, 'GREEN_VEGETATIVE', '다즐링티', NULL, '/images/flavors/default.png', '2026-05-04 00:00:00', '2026-05-04 00:00:00'),
                                                                                                                          (68, 'FRUITY', '청포도', NULL, '/images/flavors/default.png', '2026-05-04 00:00:00', '2026-05-04 00:00:00'),
                                                                                                                          (69, 'FLORAL', '노란 백합', NULL, '/images/flavors/default.png', '2026-05-04 00:00:00', '2026-05-04 00:00:00'),
                                                                                                                          (70, 'FRUITY', '살구 주스', NULL, '/images/flavors/default.png', '2026-05-04 00:00:00', '2026-05-04 00:00:00'),
                                                                                                                          (71, 'FRUITY', '무화과', NULL, '/images/flavors/default.png', '2026-05-04 00:00:00', '2026-05-04 00:00:00'),
                                                                                                                          (72, 'FRUITY', '청사과', NULL, '/images/flavors/default.png', '2026-05-04 00:00:00', '2026-05-04 00:00:00'),
                                                                                                                          (73, 'FRUITY', '말린 살구', NULL, '/images/flavors/default.png', '2026-05-04 00:00:00', '2026-05-04 00:00:00'),
                                                                                                                          (74, 'FRUITY', '망고스틴', NULL, '/images/flavors/default.png', '2026-05-04 00:00:00', '2026-05-04 00:00:00'),
                                                                                                                          (75, 'FRUITY', '살구', NULL, '/images/flavors/default.png', '2026-05-04 00:00:00', '2026-05-04 00:00:00'),
                                                                                                                          (76, 'FRUITY', '딸기', NULL, '/images/flavors/default.png', '2026-05-04 00:00:00', '2026-05-04 00:00:00'),
                                                                                                                          (77, 'FRUITY', '감귤류', NULL, '/images/flavors/default.png', '2026-05-04 00:00:00', '2026-05-04 00:00:00'),
                                                                                                                          (78, 'FRUITY', '자몽', NULL, '/images/flavors/default.png', '2026-05-04 00:00:00', '2026-05-04 00:00:00'),
                                                                                                                          (79, 'FRUITY', '모과', NULL, '/images/flavors/default.png', '2026-05-04 00:00:00', '2026-05-04 00:00:00'),
                                                                                                                          (80, 'FRUITY', '자두', NULL, '/images/flavors/default.png', '2026-05-04 00:00:00', '2026-05-04 00:00:00'),
                                                                                                                          (81, 'GREEN_VEGETATIVE', '레몬그라스', NULL, '/images/flavors/default.png', '2026-05-04 00:00:00', '2026-05-04 00:00:00'),
                                                                                                                          (82, 'NUTTY', '캐슈넛', NULL, '/images/flavors/default.png', '2026-05-04 00:00:00', '2026-05-04 00:00:00'),
                                                                                                                          (83, 'NUTTY', '피넛', NULL, '/images/flavors/default.png', '2026-05-04 00:00:00', '2026-05-04 00:00:00'),
                                                                                                                          (84, 'FRUITY', '건포도', NULL, '/images/flavors/default.png', '2026-05-04 00:00:00', '2026-05-04 00:00:00'),
                                                                                                                          (85, 'FRUITY', '블랙커런트', NULL, '/images/flavors/default.png', '2026-05-04 00:00:00', '2026-05-04 00:00:00'),
                                                                                                                          (86, 'NUTTY', '로스티드 넛츠', NULL, '/images/flavors/default.png', '2026-05-04 00:00:00', '2026-05-04 00:00:00'),
                                                                                                                          (87, 'BROWN_SUGAR', '브라운 슈가', NULL, '/images/flavors/default.png', '2026-05-04 00:00:00', '2026-05-04 00:00:00'),
                                                                                                                          (88, 'NUTTY', '월넛', NULL, '/images/flavors/default.png', '2026-05-04 00:00:00', '2026-05-04 00:00:00'),
                                                                                                                          (89, 'GREEN_VEGETATIVE', '유칼립투스', NULL, '/images/flavors/default.png', '2026-05-04 00:00:00', '2026-05-04 00:00:00'),
                                                                                                                          (90, 'GREEN_VEGETATIVE', '얼그레이', NULL, '/images/flavors/default.png', '2026-05-04 00:00:00', '2026-05-04 00:00:00'),
                                                                                                                          (91, 'GREEN_VEGETATIVE', '그린티', NULL, '/images/flavors/default.png', '2026-05-04 00:00:00', '2026-05-04 00:00:00'),
                                                                                                                          (92, 'FRUITY', '산딸기', NULL, '/images/flavors/default.png', '2026-05-04 00:00:00', '2026-05-04 00:00:00'),
                                                                                                                          (93, 'FRUITY', '체리코크', NULL, '/images/flavors/default.png', '2026-05-04 00:00:00', '2026-05-04 00:00:00'),
                                                                                                                          (94, 'FRUITY', '파인애플', NULL, '/images/flavors/default.png', '2026-05-04 00:00:00', '2026-05-04 00:00:00'),
                                                                                                                          (95, 'FRUITY', '만다린', NULL, '/images/flavors/default.png', '2026-05-04 00:00:00', '2026-05-04 00:00:00'),
                                                                                                                          (96, 'FRUITY', '블랙 체리', NULL, '/images/flavors/default.png', '2026-05-04 00:00:00', '2026-05-04 00:00:00'),
                                                                                                                          (97, 'BROWN_SUGAR', '브라운 슈거', NULL, '/images/flavors/default.png', '2026-05-04 00:00:00', '2026-05-04 00:00:00'),
                                                                                                                          (98, 'FLORAL', '히비스커스', NULL, '/images/flavors/default.png', '2026-05-04 00:00:00', '2026-05-04 00:00:00'),
                                                                                                                          (99, 'FRUITY', '대추야자', NULL, '/images/flavors/default.png', '2026-05-04 00:00:00', '2026-05-04 00:00:00'),
                                                                                                                          (100, 'FRUITY', '건푸룬', NULL, '/images/flavors/default.png', '2026-05-04 00:00:00', '2026-05-04 00:00:00'),
                                                                                                                          (101, 'FRUITY', '건자두', NULL, '/images/flavors/default.png', '2026-05-04 00:00:00', '2026-05-04 00:00:00'),
                                                                                                                          (102, 'SWEET', '시러피', NULL, '/images/flavors/default.png', '2026-05-04 00:00:00', '2026-05-04 00:00:00'),
                                                                                                                          (103, 'SWEET', '딸기 사탕', NULL, '/images/flavors/default.png', '2026-05-04 00:00:00', '2026-05-04 00:00:00'),
                                                                                                                          (104, 'FLORAL', '장미', NULL, '/images/flavors/default.png', '2026-05-04 00:00:00', '2026-05-04 00:00:00'),
                                                                                                                          (105, 'FRUITY', '드라이 프루츠', NULL, '/images/flavors/default.png', '2026-05-04 00:00:00', '2026-05-04 00:00:00'),
                                                                                                                          (106, 'GREEN_VEGETATIVE', '블랙티', NULL, '/images/flavors/default.png', '2026-05-04 00:00:00', '2026-05-04 00:00:00'),
                                                                                                                          (107, 'FERMENTED', '럼', NULL, '/images/flavors/default.png', '2026-05-04 00:00:00', '2026-05-04 00:00:00'),
                                                                                                                          (108, 'FRUITY', '블랙베리', NULL, '/images/flavors/default.png', '2026-05-04 00:00:00', '2026-05-04 00:00:00'),
                                                                                                                          (109, 'FERMENTED', '와이니', NULL, '/images/flavors/default.png', '2026-05-04 00:00:00', '2026-05-04 00:00:00'),
                                                                                                                          (110, 'FRUITY', '애플', NULL, '/images/flavors/default.png', '2026-05-04 00:00:00', '2026-05-04 00:00:00'),
                                                                                                                          (111, 'NUTTY', '로스트 아몬드', NULL, '/images/flavors/default.png', '2026-05-04 00:00:00', '2026-05-04 00:00:00'),
                                                                                                                          (112, 'NUTTY', '마카다미아', NULL, '/images/flavors/default.png', '2026-05-04 00:00:00', '2026-05-04 00:00:00'),
                                                                                                                          (113, 'FRUITY', '열대과일', NULL, '/images/flavors/default.png', '2026-05-04 00:00:00', '2026-05-04 00:00:00'),
                                                                                                                          (114, 'SAVORY', '엿기름', NULL, '/images/flavors/default.png', '2026-05-04 00:00:00', '2026-05-04 00:00:00'),
                                                                                                                          (115, 'BROWN_SUGAR', '브라운슈가', NULL, '/images/flavors/default.png', '2026-05-04 00:00:00', '2026-05-04 00:00:00'),
                                                                                                                          (116, 'BROWN_SUGAR', '블랙슈거', NULL, '/images/flavors/default.png', '2026-05-04 00:00:00', '2026-05-04 00:00:00'),
                                                                                                                          (117, 'ROASTED', '스모크', NULL, '/images/flavors/default.png', '2026-05-04 00:00:00', '2026-05-04 00:00:00'),
                                                                                                                          (118, 'MOUTHFEEL', '굿바디', NULL, '/images/flavors/default.png', '2026-05-04 00:00:00', '2026-05-04 00:00:00'),
                                                                                                                          (119, 'FRUITY', '레드베리', NULL, '/images/flavors/default.png', '2026-05-04 00:00:00', '2026-05-04 00:00:00'),
                                                                                                                          (120, 'FRUITY', '스트로베리', NULL, '/images/flavors/default.png', '2026-05-04 00:00:00', '2026-05-04 00:00:00'),
                                                                                                                          (121, 'FRUITY', '라즈베리 캔디', NULL, '/images/flavors/default.png', '2026-05-04 00:00:00', '2026-05-04 00:00:00'),
                                                                                                                          (122, 'GREEN_VEGETATIVE', '홍차', NULL, '/images/flavors/default.png', '2026-05-04 00:00:00', '2026-05-04 00:00:00'),
                                                                                                                          (123, 'FRUITY', '크렌베리', NULL, '/images/flavors/default.png', '2026-05-04 00:00:00', '2026-05-04 00:00:00'),
                                                                                                                          (124, 'FRUITY', '패션후르츠', NULL, '/images/flavors/default.png', '2026-05-04 00:00:00', '2026-05-04 00:00:00'),
                                                                                                                          (125, 'NUTTY', '헤이즐넛', NULL, '/images/flavors/default.png', '2026-05-04 00:00:00', '2026-05-04 00:00:00'),
                                                                                                                          (126, 'CHOCOLATY', '카카오닙스', NULL, '/images/flavors/default.png', '2026-05-04 00:00:00', '2026-05-04 00:00:00'),
                                                                                                                          (127, 'BROWN_SUGAR', '흑설탕', NULL, '/images/flavors/default.png', '2026-05-04 00:00:00', '2026-05-04 00:00:00'),
                                                                                                                          (128, 'NUTTY', '헤이즐넛 시럽', NULL, '/images/flavors/default.png', '2026-05-04 00:00:00', '2026-05-04 00:00:00'),
                                                                                                                          (129, 'SAVORY', '오트', NULL, '/images/flavors/default.png', '2026-05-04 00:00:00', '2026-05-04 00:00:00'),
                                                                                                                          (130, 'SWEET', '조청', NULL, '/images/flavors/default.png', '2026-05-04 00:00:00', '2026-05-04 00:00:00'),
                                                                                                                          (131, 'SWEET', '바닐라', NULL, '/images/flavors/default.png', '2026-05-04 00:00:00', '2026-05-04 00:00:00'),
                                                                                                                          (132, 'SAVORY', '몰트', NULL, '/images/flavors/default.png', '2026-05-04 00:00:00', '2026-05-04 00:00:00'),
                                                                                                                          (133, 'NUTTY', '로스트피넛', NULL, '/images/flavors/default.png', '2026-05-04 00:00:00', '2026-05-04 00:00:00'),
                                                                                                                          (134, 'MOUTHFEEL', '헤비바디', NULL, '/images/flavors/default.png', '2026-05-04 00:00:00', '2026-05-04 00:00:00')
    AS new_row
ON DUPLICATE KEY UPDATE flavor_category=new_row.flavor_category, name_ko=new_row.name_ko, name_en=new_row.name_en, flavor_image_url=new_row.flavor_image_url, updated_at=new_row.updated_at;
INSERT INTO product_flavor_note (product_flavor_note_id, product_id, flavor_note_id, created_at, updated_at) VALUES
                                                                                                                 (1, 1, 1, '2026-05-04 00:00:00', '2026-05-04 00:00:00'),
                                                                                                                 (2, 1, 2, '2026-05-04 00:00:00', '2026-05-04 00:00:00'),
                                                                                                                 (3, 1, 3, '2026-05-04 00:00:00', '2026-05-04 00:00:00'),
                                                                                                                 (4, 1, 4, '2026-05-04 00:00:00', '2026-05-04 00:00:00'),
                                                                                                                 (5, 2, 5, '2026-05-04 00:00:00', '2026-05-04 00:00:00'),
                                                                                                                 (6, 2, 6, '2026-05-04 00:00:00', '2026-05-04 00:00:00'),
                                                                                                                 (7, 2, 7, '2026-05-04 00:00:00', '2026-05-04 00:00:00'),
                                                                                                                 (8, 3, 8, '2026-05-04 00:00:00', '2026-05-04 00:00:00'),
                                                                                                                 (9, 3, 9, '2026-05-04 00:00:00', '2026-05-04 00:00:00'),
                                                                                                                 (10, 3, 10, '2026-05-04 00:00:00', '2026-05-04 00:00:00'),
                                                                                                                 (11, 3, 5, '2026-05-04 00:00:00', '2026-05-04 00:00:00'),
                                                                                                                 (12, 4, 11, '2026-05-04 00:00:00', '2026-05-04 00:00:00'),
                                                                                                                 (13, 4, 9, '2026-05-04 00:00:00', '2026-05-04 00:00:00'),
                                                                                                                 (14, 4, 12, '2026-05-04 00:00:00', '2026-05-04 00:00:00'),
                                                                                                                 (15, 5, 6, '2026-05-04 00:00:00', '2026-05-04 00:00:00'),
                                                                                                                 (16, 5, 13, '2026-05-04 00:00:00', '2026-05-04 00:00:00'),
                                                                                                                 (17, 5, 14, '2026-05-04 00:00:00', '2026-05-04 00:00:00'),
                                                                                                                 (18, 6, 15, '2026-05-04 00:00:00', '2026-05-04 00:00:00'),
                                                                                                                 (19, 6, 16, '2026-05-04 00:00:00', '2026-05-04 00:00:00'),
                                                                                                                 (20, 6, 17, '2026-05-04 00:00:00', '2026-05-04 00:00:00'),
                                                                                                                 (21, 6, 18, '2026-05-04 00:00:00', '2026-05-04 00:00:00'),
                                                                                                                 (22, 7, 19, '2026-05-04 00:00:00', '2026-05-04 00:00:00'),
                                                                                                                 (23, 7, 20, '2026-05-04 00:00:00', '2026-05-04 00:00:00'),
                                                                                                                 (24, 7, 14, '2026-05-04 00:00:00', '2026-05-04 00:00:00'),
                                                                                                                 (25, 8, 20, '2026-05-04 00:00:00', '2026-05-04 00:00:00'),
                                                                                                                 (26, 8, 21, '2026-05-04 00:00:00', '2026-05-04 00:00:00'),
                                                                                                                 (27, 8, 22, '2026-05-04 00:00:00', '2026-05-04 00:00:00'),
                                                                                                                 (28, 9, 15, '2026-05-04 00:00:00', '2026-05-04 00:00:00'),
                                                                                                                 (29, 9, 23, '2026-05-04 00:00:00', '2026-05-04 00:00:00'),
                                                                                                                 (30, 9, 24, '2026-05-04 00:00:00', '2026-05-04 00:00:00'),
                                                                                                                 (31, 10, 19, '2026-05-04 00:00:00', '2026-05-04 00:00:00'),
                                                                                                                 (32, 10, 25, '2026-05-04 00:00:00', '2026-05-04 00:00:00'),
                                                                                                                 (33, 10, 26, '2026-05-04 00:00:00', '2026-05-04 00:00:00'),
                                                                                                                 (34, 11, 27, '2026-05-04 00:00:00', '2026-05-04 00:00:00'),
                                                                                                                 (35, 11, 28, '2026-05-04 00:00:00', '2026-05-04 00:00:00'),
                                                                                                                 (36, 11, 29, '2026-05-04 00:00:00', '2026-05-04 00:00:00'),
                                                                                                                 (37, 11, 30, '2026-05-04 00:00:00', '2026-05-04 00:00:00'),
                                                                                                                 (38, 12, 19, '2026-05-04 00:00:00', '2026-05-04 00:00:00'),
                                                                                                                 (39, 12, 4, '2026-05-04 00:00:00', '2026-05-04 00:00:00'),
                                                                                                                 (40, 12, 20, '2026-05-04 00:00:00', '2026-05-04 00:00:00'),
                                                                                                                 (41, 13, 31, '2026-05-04 00:00:00', '2026-05-04 00:00:00'),
                                                                                                                 (42, 13, 32, '2026-05-04 00:00:00', '2026-05-04 00:00:00'),
                                                                                                                 (43, 13, 33, '2026-05-04 00:00:00', '2026-05-04 00:00:00'),
                                                                                                                 (44, 14, 34, '2026-05-04 00:00:00', '2026-05-04 00:00:00'),
                                                                                                                 (45, 14, 35, '2026-05-04 00:00:00', '2026-05-04 00:00:00'),
                                                                                                                 (46, 14, 36, '2026-05-04 00:00:00', '2026-05-04 00:00:00'),
                                                                                                                 (47, 15, 37, '2026-05-04 00:00:00', '2026-05-04 00:00:00'),
                                                                                                                 (48, 15, 38, '2026-05-04 00:00:00', '2026-05-04 00:00:00'),
                                                                                                                 (49, 15, 39, '2026-05-04 00:00:00', '2026-05-04 00:00:00'),
                                                                                                                 (50, 15, 40, '2026-05-04 00:00:00', '2026-05-04 00:00:00'),
                                                                                                                 (51, 16, 41, '2026-05-04 00:00:00', '2026-05-04 00:00:00'),
                                                                                                                 (52, 16, 30, '2026-05-04 00:00:00', '2026-05-04 00:00:00'),
                                                                                                                 (53, 16, 42, '2026-05-04 00:00:00', '2026-05-04 00:00:00'),
                                                                                                                 (54, 16, 43, '2026-05-04 00:00:00', '2026-05-04 00:00:00'),
                                                                                                                 (55, 17, 44, '2026-05-04 00:00:00', '2026-05-04 00:00:00'),
                                                                                                                 (56, 17, 1, '2026-05-04 00:00:00', '2026-05-04 00:00:00'),
                                                                                                                 (57, 17, 45, '2026-05-04 00:00:00', '2026-05-04 00:00:00'),
                                                                                                                 (58, 17, 40, '2026-05-04 00:00:00', '2026-05-04 00:00:00'),
                                                                                                                 (59, 18, 46, '2026-05-04 00:00:00', '2026-05-04 00:00:00'),
                                                                                                                 (60, 18, 47, '2026-05-04 00:00:00', '2026-05-04 00:00:00'),
                                                                                                                 (61, 19, 48, '2026-05-04 00:00:00', '2026-05-04 00:00:00'),
                                                                                                                 (62, 19, 19, '2026-05-04 00:00:00', '2026-05-04 00:00:00'),
                                                                                                                 (63, 19, 49, '2026-05-04 00:00:00', '2026-05-04 00:00:00'),
                                                                                                                 (64, 19, 50, '2026-05-04 00:00:00', '2026-05-04 00:00:00'),
                                                                                                                 (65, 20, 51, '2026-05-04 00:00:00', '2026-05-04 00:00:00'),
                                                                                                                 (66, 20, 52, '2026-05-04 00:00:00', '2026-05-04 00:00:00'),
                                                                                                                 (67, 20, 53, '2026-05-04 00:00:00', '2026-05-04 00:00:00'),
                                                                                                                 (68, 20, 54, '2026-05-04 00:00:00', '2026-05-04 00:00:00'),
                                                                                                                 (69, 20, 55, '2026-05-04 00:00:00', '2026-05-04 00:00:00'),
                                                                                                                 (70, 21, 56, '2026-05-04 00:00:00', '2026-05-04 00:00:00'),
                                                                                                                 (71, 21, 37, '2026-05-04 00:00:00', '2026-05-04 00:00:00'),
                                                                                                                 (72, 21, 57, '2026-05-04 00:00:00', '2026-05-04 00:00:00'),
                                                                                                                 (73, 22, 22, '2026-05-04 00:00:00', '2026-05-04 00:00:00'),
                                                                                                                 (74, 22, 58, '2026-05-04 00:00:00', '2026-05-04 00:00:00'),
                                                                                                                 (75, 22, 59, '2026-05-04 00:00:00', '2026-05-04 00:00:00'),
                                                                                                                 (76, 22, 60, '2026-05-04 00:00:00', '2026-05-04 00:00:00'),
                                                                                                                 (77, 23, 61, '2026-05-04 00:00:00', '2026-05-04 00:00:00'),
                                                                                                                 (78, 23, 62, '2026-05-04 00:00:00', '2026-05-04 00:00:00'),
                                                                                                                 (79, 23, 63, '2026-05-04 00:00:00', '2026-05-04 00:00:00'),
                                                                                                                 (80, 23, 64, '2026-05-04 00:00:00', '2026-05-04 00:00:00'),
                                                                                                                 (81, 24, 65, '2026-05-04 00:00:00', '2026-05-04 00:00:00'),
                                                                                                                 (82, 24, 66, '2026-05-04 00:00:00', '2026-05-04 00:00:00'),
                                                                                                                 (83, 24, 34, '2026-05-04 00:00:00', '2026-05-04 00:00:00'),
                                                                                                                 (84, 25, 67, '2026-05-04 00:00:00', '2026-05-04 00:00:00'),
                                                                                                                 (85, 25, 68, '2026-05-04 00:00:00', '2026-05-04 00:00:00'),
                                                                                                                 (86, 25, 69, '2026-05-04 00:00:00', '2026-05-04 00:00:00'),
                                                                                                                 (87, 25, 70, '2026-05-04 00:00:00', '2026-05-04 00:00:00'),
                                                                                                                 (88, 26, 71, '2026-05-04 00:00:00', '2026-05-04 00:00:00'),
                                                                                                                 (89, 26, 72, '2026-05-04 00:00:00', '2026-05-04 00:00:00'),
                                                                                                                 (90, 26, 73, '2026-05-04 00:00:00', '2026-05-04 00:00:00'),
                                                                                                                 (91, 26, 53, '2026-05-04 00:00:00', '2026-05-04 00:00:00'),
                                                                                                                 (92, 27, 48, '2026-05-04 00:00:00', '2026-05-04 00:00:00'),
                                                                                                                 (93, 27, 19, '2026-05-04 00:00:00', '2026-05-04 00:00:00'),
                                                                                                                 (94, 27, 49, '2026-05-04 00:00:00', '2026-05-04 00:00:00'),
                                                                                                                 (95, 28, 9, '2026-05-04 00:00:00', '2026-05-04 00:00:00'),
                                                                                                                 (96, 28, 11, '2026-05-04 00:00:00', '2026-05-04 00:00:00'),
                                                                                                                 (97, 28, 74, '2026-05-04 00:00:00', '2026-05-04 00:00:00'),
                                                                                                                 (98, 29, 4, '2026-05-04 00:00:00', '2026-05-04 00:00:00'),
                                                                                                                 (99, 29, 75, '2026-05-04 00:00:00', '2026-05-04 00:00:00'),
                                                                                                                 (100, 29, 1, '2026-05-04 00:00:00', '2026-05-04 00:00:00'),
                                                                                                                 (101, 29, 76, '2026-05-04 00:00:00', '2026-05-04 00:00:00'),
                                                                                                                 (102, 29, 9, '2026-05-04 00:00:00', '2026-05-04 00:00:00'),
                                                                                                                 (103, 29, 14, '2026-05-04 00:00:00', '2026-05-04 00:00:00'),
                                                                                                                 (104, 29, 77, '2026-05-04 00:00:00', '2026-05-04 00:00:00'),
                                                                                                                 (105, 30, 66, '2026-05-04 00:00:00', '2026-05-04 00:00:00'),
                                                                                                                 (106, 30, 78, '2026-05-04 00:00:00', '2026-05-04 00:00:00'),
                                                                                                                 (107, 30, 9, '2026-05-04 00:00:00', '2026-05-04 00:00:00'),
                                                                                                                 (108, 30, 75, '2026-05-04 00:00:00', '2026-05-04 00:00:00'),
                                                                                                                 (109, 30, 79, '2026-05-04 00:00:00', '2026-05-04 00:00:00'),
                                                                                                                 (110, 30, 40, '2026-05-04 00:00:00', '2026-05-04 00:00:00'),
                                                                                                                 (111, 31, 26, '2026-05-04 00:00:00', '2026-05-04 00:00:00'),
                                                                                                                 (112, 31, 14, '2026-05-04 00:00:00', '2026-05-04 00:00:00'),
                                                                                                                 (113, 31, 51, '2026-05-04 00:00:00', '2026-05-04 00:00:00'),
                                                                                                                 (114, 31, 80, '2026-05-04 00:00:00', '2026-05-04 00:00:00'),
                                                                                                                 (115, 31, 75, '2026-05-04 00:00:00', '2026-05-04 00:00:00'),
                                                                                                                 (116, 31, 19, '2026-05-04 00:00:00', '2026-05-04 00:00:00'),
                                                                                                                 (117, 32, 81, '2026-05-04 00:00:00', '2026-05-04 00:00:00'),
                                                                                                                 (118, 32, 19, '2026-05-04 00:00:00', '2026-05-04 00:00:00'),
                                                                                                                 (119, 32, 51, '2026-05-04 00:00:00', '2026-05-04 00:00:00'),
                                                                                                                 (120, 32, 75, '2026-05-04 00:00:00', '2026-05-04 00:00:00'),
                                                                                                                 (121, 32, 80, '2026-05-04 00:00:00', '2026-05-04 00:00:00'),
                                                                                                                 (122, 32, 66, '2026-05-04 00:00:00', '2026-05-04 00:00:00'),
                                                                                                                 (123, 33, 75, '2026-05-04 00:00:00', '2026-05-04 00:00:00'),
                                                                                                                 (124, 33, 19, '2026-05-04 00:00:00', '2026-05-04 00:00:00'),
                                                                                                                 (125, 33, 78, '2026-05-04 00:00:00', '2026-05-04 00:00:00'),
                                                                                                                 (126, 33, 82, '2026-05-04 00:00:00', '2026-05-04 00:00:00'),
                                                                                                                 (127, 34, 19, '2026-05-04 00:00:00', '2026-05-04 00:00:00'),
                                                                                                                 (128, 34, 83, '2026-05-04 00:00:00', '2026-05-04 00:00:00'),
                                                                                                                 (129, 34, 15, '2026-05-04 00:00:00', '2026-05-04 00:00:00'),
                                                                                                                 (130, 35, 84, '2026-05-04 00:00:00', '2026-05-04 00:00:00'),
                                                                                                                 (131, 35, 85, '2026-05-04 00:00:00', '2026-05-04 00:00:00'),
                                                                                                                 (132, 35, 86, '2026-05-04 00:00:00', '2026-05-04 00:00:00'),
                                                                                                                 (133, 35, 87, '2026-05-04 00:00:00', '2026-05-04 00:00:00'),
                                                                                                                 (134, 35, 88, '2026-05-04 00:00:00', '2026-05-04 00:00:00'),
                                                                                                                 (135, 35, 21, '2026-05-04 00:00:00', '2026-05-04 00:00:00'),
                                                                                                                 (136, 36, 14, '2026-05-04 00:00:00', '2026-05-04 00:00:00'),
                                                                                                                 (137, 36, 89, '2026-05-04 00:00:00', '2026-05-04 00:00:00'),
                                                                                                                 (138, 36, 90, '2026-05-04 00:00:00', '2026-05-04 00:00:00'),
                                                                                                                 (139, 36, 81, '2026-05-04 00:00:00', '2026-05-04 00:00:00'),
                                                                                                                 (140, 36, 91, '2026-05-04 00:00:00', '2026-05-04 00:00:00'),
                                                                                                                 (141, 37, 92, '2026-05-04 00:00:00', '2026-05-04 00:00:00'),
                                                                                                                 (142, 37, 3, '2026-05-04 00:00:00', '2026-05-04 00:00:00'),
                                                                                                                 (143, 37, 26, '2026-05-04 00:00:00', '2026-05-04 00:00:00'),
                                                                                                                 (144, 37, 93, '2026-05-04 00:00:00', '2026-05-04 00:00:00'),
                                                                                                                 (145, 37, 94, '2026-05-04 00:00:00', '2026-05-04 00:00:00'),
                                                                                                                 (146, 38, 95, '2026-05-04 00:00:00', '2026-05-04 00:00:00'),
                                                                                                                 (147, 38, 80, '2026-05-04 00:00:00', '2026-05-04 00:00:00'),
                                                                                                                 (148, 38, 96, '2026-05-04 00:00:00', '2026-05-04 00:00:00'),
                                                                                                                 (149, 38, 97, '2026-05-04 00:00:00', '2026-05-04 00:00:00'),
                                                                                                                 (150, 39, 98, '2026-05-04 00:00:00', '2026-05-04 00:00:00'),
                                                                                                                 (151, 39, 99, '2026-05-04 00:00:00', '2026-05-04 00:00:00'),
                                                                                                                 (152, 39, 100, '2026-05-04 00:00:00', '2026-05-04 00:00:00'),
                                                                                                                 (153, 39, 101, '2026-05-04 00:00:00', '2026-05-04 00:00:00'),
                                                                                                                 (154, 39, 79, '2026-05-04 00:00:00', '2026-05-04 00:00:00'),
                                                                                                                 (155, 39, 102, '2026-05-04 00:00:00', '2026-05-04 00:00:00'),
                                                                                                                 (156, 40, 103, '2026-05-04 00:00:00', '2026-05-04 00:00:00'),
                                                                                                                 (157, 40, 104, '2026-05-04 00:00:00', '2026-05-04 00:00:00'),
                                                                                                                 (158, 40, 105, '2026-05-04 00:00:00', '2026-05-04 00:00:00'),
                                                                                                                 (159, 40, 106, '2026-05-04 00:00:00', '2026-05-04 00:00:00'),
                                                                                                                 (160, 40, 30, '2026-05-04 00:00:00', '2026-05-04 00:00:00'),
                                                                                                                 (161, 40, 34, '2026-05-04 00:00:00', '2026-05-04 00:00:00'),
                                                                                                                 (162, 40, 107, '2026-05-04 00:00:00', '2026-05-04 00:00:00'),
                                                                                                                 (163, 40, 108, '2026-05-04 00:00:00', '2026-05-04 00:00:00'),
                                                                                                                 (164, 40, 109, '2026-05-04 00:00:00', '2026-05-04 00:00:00'),
                                                                                                                 (165, 41, 19, '2026-05-04 00:00:00', '2026-05-04 00:00:00'),
                                                                                                                 (166, 41, 110, '2026-05-04 00:00:00', '2026-05-04 00:00:00'),
                                                                                                                 (167, 41, 21, '2026-05-04 00:00:00', '2026-05-04 00:00:00'),
                                                                                                                 (168, 41, 30, '2026-05-04 00:00:00', '2026-05-04 00:00:00'),
                                                                                                                 (169, 42, 38, '2026-05-04 00:00:00', '2026-05-04 00:00:00'),
                                                                                                                 (170, 42, 101, '2026-05-04 00:00:00', '2026-05-04 00:00:00'),
                                                                                                                 (171, 42, 108, '2026-05-04 00:00:00', '2026-05-04 00:00:00'),
                                                                                                                 (172, 42, 111, '2026-05-04 00:00:00', '2026-05-04 00:00:00'),
                                                                                                                 (173, 43, 9, '2026-05-04 00:00:00', '2026-05-04 00:00:00'),
                                                                                                                 (174, 43, 75, '2026-05-04 00:00:00', '2026-05-04 00:00:00'),
                                                                                                                 (175, 43, 19, '2026-05-04 00:00:00', '2026-05-04 00:00:00'),
                                                                                                                 (176, 43, 112, '2026-05-04 00:00:00', '2026-05-04 00:00:00'),
                                                                                                                 (177, 43, 30, '2026-05-04 00:00:00', '2026-05-04 00:00:00'),
                                                                                                                 (178, 44, 11, '2026-05-04 00:00:00', '2026-05-04 00:00:00'),
                                                                                                                 (179, 44, 113, '2026-05-04 00:00:00', '2026-05-04 00:00:00'),
                                                                                                                 (180, 44, 9, '2026-05-04 00:00:00', '2026-05-04 00:00:00'),
                                                                                                                 (181, 44, 57, '2026-05-04 00:00:00', '2026-05-04 00:00:00'),
                                                                                                                 (182, 44, 22, '2026-05-04 00:00:00', '2026-05-04 00:00:00'),
                                                                                                                 (183, 45, 19, '2026-05-04 00:00:00', '2026-05-04 00:00:00'),
                                                                                                                 (184, 45, 22, '2026-05-04 00:00:00', '2026-05-04 00:00:00'),
                                                                                                                 (185, 45, 112, '2026-05-04 00:00:00', '2026-05-04 00:00:00'),
                                                                                                                 (186, 45, 21, '2026-05-04 00:00:00', '2026-05-04 00:00:00'),
                                                                                                                 (187, 46, 111, '2026-05-04 00:00:00', '2026-05-04 00:00:00'),
                                                                                                                 (188, 46, 114, '2026-05-04 00:00:00', '2026-05-04 00:00:00'),
                                                                                                                 (189, 46, 115, '2026-05-04 00:00:00', '2026-05-04 00:00:00'),
                                                                                                                 (190, 46, 34, '2026-05-04 00:00:00', '2026-05-04 00:00:00'),
                                                                                                                 (191, 47, 116, '2026-05-04 00:00:00', '2026-05-04 00:00:00'),
                                                                                                                 (192, 47, 15, '2026-05-04 00:00:00', '2026-05-04 00:00:00'),
                                                                                                                 (193, 47, 82, '2026-05-04 00:00:00', '2026-05-04 00:00:00'),
                                                                                                                 (194, 47, 19, '2026-05-04 00:00:00', '2026-05-04 00:00:00'),
                                                                                                                 (195, 47, 117, '2026-05-04 00:00:00', '2026-05-04 00:00:00'),
                                                                                                                 (196, 47, 118, '2026-05-04 00:00:00', '2026-05-04 00:00:00'),
                                                                                                                 (197, 48, 119, '2026-05-04 00:00:00', '2026-05-04 00:00:00'),
                                                                                                                 (198, 48, 66, '2026-05-04 00:00:00', '2026-05-04 00:00:00'),
                                                                                                                 (199, 48, 6, '2026-05-04 00:00:00', '2026-05-04 00:00:00'),
                                                                                                                 (200, 48, 120, '2026-05-04 00:00:00', '2026-05-04 00:00:00'),
                                                                                                                 (201, 48, 121, '2026-05-04 00:00:00', '2026-05-04 00:00:00'),
                                                                                                                 (202, 48, 101, '2026-05-04 00:00:00', '2026-05-04 00:00:00'),
                                                                                                                 (203, 48, 74, '2026-05-04 00:00:00', '2026-05-04 00:00:00'),
                                                                                                                 (204, 49, 113, '2026-05-04 00:00:00', '2026-05-04 00:00:00'),
                                                                                                                 (205, 49, 78, '2026-05-04 00:00:00', '2026-05-04 00:00:00'),
                                                                                                                 (206, 49, 75, '2026-05-04 00:00:00', '2026-05-04 00:00:00'),
                                                                                                                 (207, 49, 9, '2026-05-04 00:00:00', '2026-05-04 00:00:00'),
                                                                                                                 (208, 49, 122, '2026-05-04 00:00:00', '2026-05-04 00:00:00'),
                                                                                                                 (209, 49, 123, '2026-05-04 00:00:00', '2026-05-04 00:00:00'),
                                                                                                                 (210, 49, 11, '2026-05-04 00:00:00', '2026-05-04 00:00:00'),
                                                                                                                 (211, 49, 124, '2026-05-04 00:00:00', '2026-05-04 00:00:00'),
                                                                                                                 (212, 50, 15, '2026-05-04 00:00:00', '2026-05-04 00:00:00'),
                                                                                                                 (213, 50, 125, '2026-05-04 00:00:00', '2026-05-04 00:00:00'),
                                                                                                                 (214, 50, 112, '2026-05-04 00:00:00', '2026-05-04 00:00:00'),
                                                                                                                 (215, 50, 126, '2026-05-04 00:00:00', '2026-05-04 00:00:00'),
                                                                                                                 (216, 50, 117, '2026-05-04 00:00:00', '2026-05-04 00:00:00'),
                                                                                                                 (217, 51, 127, '2026-05-04 00:00:00', '2026-05-04 00:00:00'),
                                                                                                                 (218, 51, 21, '2026-05-04 00:00:00', '2026-05-04 00:00:00'),
                                                                                                                 (219, 51, 114, '2026-05-04 00:00:00', '2026-05-04 00:00:00'),
                                                                                                                 (220, 51, 128, '2026-05-04 00:00:00', '2026-05-04 00:00:00'),
                                                                                                                 (221, 52, 21, '2026-05-04 00:00:00', '2026-05-04 00:00:00'),
                                                                                                                 (222, 52, 82, '2026-05-04 00:00:00', '2026-05-04 00:00:00'),
                                                                                                                 (223, 52, 16, '2026-05-04 00:00:00', '2026-05-04 00:00:00'),
                                                                                                                 (224, 52, 30, '2026-05-04 00:00:00', '2026-05-04 00:00:00'),
                                                                                                                 (225, 52, 99, '2026-05-04 00:00:00', '2026-05-04 00:00:00'),
                                                                                                                 (226, 52, 129, '2026-05-04 00:00:00', '2026-05-04 00:00:00'),
                                                                                                                 (227, 53, 130, '2026-05-04 00:00:00', '2026-05-04 00:00:00'),
                                                                                                                 (228, 53, 84, '2026-05-04 00:00:00', '2026-05-04 00:00:00'),
                                                                                                                 (229, 53, 131, '2026-05-04 00:00:00', '2026-05-04 00:00:00'),
                                                                                                                 (230, 53, 21, '2026-05-04 00:00:00', '2026-05-04 00:00:00'),
                                                                                                                 (231, 53, 132, '2026-05-04 00:00:00', '2026-05-04 00:00:00'),
                                                                                                                 (232, 54, 133, '2026-05-04 00:00:00', '2026-05-04 00:00:00'),
                                                                                                                 (233, 54, 125, '2026-05-04 00:00:00', '2026-05-04 00:00:00'),
                                                                                                                 (234, 54, 126, '2026-05-04 00:00:00', '2026-05-04 00:00:00'),
                                                                                                                 (235, 54, 134, '2026-05-04 00:00:00', '2026-05-04 00:00:00')
    AS new_row
ON DUPLICATE KEY UPDATE product_id=new_row.product_id, flavor_note_id=new_row.flavor_note_id, updated_at=new_row.updated_at;
COMMIT;
